No,Name,PosGroup,Status,Height,Weight,Birthdate,Exp,College,Team,State
24,"Abdul-Quddus, Isa",dback,RES,73,196,3-Aug-89,6,Fordham,Dolphins,Florida
78,"Aboushi, Oday",off,ACT,77,308,5-Jun-91,4,Virginia,Texans,Texas
49,"Acho, Sam",lineb,ACT,75,260,6-Sep-88,6,Texas,Bears,Illinois
27,"Acker, Kenneth",dback,ACT,72,195,6-Feb-92,3,Southern Methodist,Chiefs,Missouri
33,"Adams, Andrew",dback,ACT,71,202,28-Oct-92,0,Connecticut,Giants,New York
29,"Adams, Mike",dback,ACT,71,205,24-Mar-81,13,Delaware,Colts,Indiana
76,"Adams, Mike",off,RES,79,323,10-Mar-90,5,Ohio State,Bears,Illinois
58,"Adams, Tyrell",lineb,ACT,74,228,11-Apr-92,1,West Georgia,Raiders,Nevada
37,"Addae, Jahleel",dback,ACT,70,195,24-Jan-90,4,Central Michigan,Chargers,California
38,"Adjei-Barimah, Jude",dback,RES,71,200,21-Jul-92,2,Bowling Green State,Buccaneers,Florida
35,"Aikens, Walt",dback,ACT,73,218,19-Jun-91,3,Liberty,Dolphins,Florida
57,"Alexander, D.J.",lineb,ACT,74,233,30-Sep-91,2,Oregon State,Chiefs,Missouri
54,"Alexander, Dominique",lineb,ACT,72,235,20-Apr-95,0,Oklahoma,Browns,Ohio
58,"Alexander, Kwon",lineb,ACT,73,227,3-Aug-94,2,LSU,Buccaneers,Florida
57,"Alexander, Lorenzo",lineb,ACT,73,245,31-May-83,10,California,Bills,New York
20,"Alexander, Mackensie",dback,RES,70,192,12-Nov-93,0,Clemson,Vikings,Minnesota
31,"Alexander, Maurice",dback,ACT,73,220,16-Feb-91,3,Utah State,Rams,California
23,"Alford, Robert",dback,ACT,70,186,1-Nov-88,4,Southeastern Louisiana,Falcons,Georgia
39,"Allen, Antonio",dback,RES,73,210,23-Sep-88,5,South Carolina,Jets,New York
28,"Allen, Cortez",dback,RES,73,197,29-Oct-88,5,The Citadel,Steelers,Pennsylvania
66,"Allen, Jack",off,ACT,74,296,24-Sep-92,0,Michigan State,Saints,Lousiana
20,"Allen, Nate",dback,ACT,72,210,30-Nov-87,7,South Florida,Raiders,Nevada
37,"Allen, Ricardo",dback,ACT,69,186,18-Dec-91,2,Purdue,Falcons,Georgia
47,"Alonso, Kiko",lineb,ACT,75,239,14-Aug-90,4,Oregon,Dolphins,Florida
29,"Amerson, David",dback,ACT,73,205,8-Dec-91,4,North Carolina State,Raiders,Nevada
38,"Amos, Adrian",dback,ACT,72,214,29-Apr-93,2,Penn State,Bears,Illinois
21,"Amukamara, Prince",dback,ACT,72,202,6-Jun-89,6,Nebraska,Jaguars,Florida
33,"Anderson, Colt",dback,RES,70,195,25-Oct-85,7,Montana,Bills,New York
58,"Anderson, Jonathan",lineb,ACT,73,235,27-Oct-91,2,Texas Christian,Bears,Illinois
,"Anderson, Kevin",lineb,RES,76,244,5-Apr-93,0,Stanford,Steelers,Pennsylvania
50,"Anderson, Zaire",lineb,ACT,71,224,18-Aug-92,1,Nebraska,Broncos,Colorado
60,"Andrews, David",off,ACT,75,295,10-Jul-92,2,Georgia,Patriots,Massachusetts
50,"Anthony, Stephone",lineb,RES,75,245,28-Jul-92,2,Clemson,Saints,Lousiana
24,"Apple, Eli",dback,ACT,73,199,9-Aug-95,0,Ohio State,Giants,New York
50,"Armbrister, Thurston",lineb,ACT,75,235,25-Dec-92,2,Miami (Fla.),Lions,Michigan
72,"Armstead, Terron",off,RES,77,304,23-Jul-91,4,Arkansas-Pine Bluff,Saints,Lousiana
54,"Armstrong, Ray-Ray",lineb,RES,75,220,5-Mar-91,4,Miami (Fla.),49ers,California
24,"Arrington, Kyle",dback,RES,70,186,12-Aug-86,8,Hofstra,Ravens,Maryland
97,"Attaochu, Jeremiah",lineb,RES,75,252,17-Jan-93,3,Georgia Tech,Chargers,California
56,"Ayers, Akeem",lineb,ACT,75,255,10-Jul-89,6,UCLA,Colts,Indiana
29,"Bademosi, Johnson",dback,ACT,72,206,23-Jul-90,5,Stanford,Lions,Michigan
69,"Bakhtiari, David",off,ACT,76,310,30-Sep-91,4,Colorado,Packers,Wisconsin
56,"Balducci, Alex",off,ACT,76,310,1-Mar-94,0,Oregon,49ers,California
61,"Baldwin, Darryl",off,RES,78,305,6-Oct-91,1,Ohio State,Cowboys,Texas
46,"Ball, Marcus",dback,ACT,73,215,21-Jul-87,2,Memphis,49ers,California
58,"Ball, Neiron",lineb,RES,75,235,20-Aug-92,2,Florida,Raiders,Nevada
37,"Banjo, Chris",dback,ACT,70,207,26-Feb-90,3,Southern Methodist,Saints,Lousiana
35,"Banks, Johnthan",dback,ACT,74,185,3-Oct-89,4,Mississippi State,Bears,Illinois
72,"Barksdale, Joe",off,ACT,77,326,4-Jan-88,6,LSU,Chargers,California
38,"Barnes, Adairius",dback,ACT,70,188,30-Apr-94,0,Louisiana Tech,Lions,Michigan
61,"Barnes, Tim",off,ACT,76,306,14-May-88,5,Missouri,Rams,California
55,"Barr, Anthony",lineb,ACT,77,255,18-Mar-92,3,UCLA,Vikings,Minnesota
48,"Barrett, Shaquil",lineb,ACT,74,250,17-Nov-92,3,Colorado State,Broncos,Colorado
97,"Barrington, Sam",lineb,ACT,73,240,5-Oct-90,4,South Florida,Saints,Lousiana
26,"Barron, Mark",lineb,ACT,74,213,27-Oct-89,5,Alabama,Rams,California
51,"Bass, David",lineb,ACT,76,256,11-Sep-90,4,Missouri Western State,Titans,Tennessee 
56,"Bates, Daren",lineb,ACT,71,225,27-Nov-90,4,Auburn,Raiders,Nevada
96,"Bates, Houston",lineb,RES,75,252,20-Dec-90,2,Louisiana Tech,Redskins,DC
68,"Beachum, Kelvin",off,ACT,75,316,8-Jun-89,5,Southern Methodist,Jaguars,Florida
68,"Beadles, Zane",off,ACT,76,305,19-Nov-86,7,Utah,49ers,California
44,"Beasley, Vic",lineb,ACT,75,246,8-Jul-92,2,Clemson,Falcons,Georgia
48,"Bell, Vonn",dback,ACT,71,205,12-Dec-94,0,Ohio State,Saints,Lousiana
50,"Bellore, Nick",lineb,RES,73,250,12-May-89,6,Central Michigan,49ers,California
61,"Berger, Joe",off,ACT,77,305,25-May-82,12,Michigan Tech,Vikings,Minnesota
68,"Bergstrom, Tony",off,ACT,77,315,8-Aug-86,5,Utah,Texans,Texas
29,"Berhe, Nat",dback,ACT,72,194,6-Jul-91,3,San Diego State,Giants,New York
29,"Berry, Eric",dback,ACT,72,212,29-Dec-88,7,Tennessee,Chiefs,Missouri
41,"Bethea, Antoine",dback,ACT,71,206,27-Jul-84,11,Howard,49ers,California
28,"Bethel, Justin",dback,ACT,72,200,17-Jun-90,5,Presbyterian,Cardinals,Arizona
28,"Bethel, Justin",dback,ACT,72,200,17-Jun-90,5,Presbyterian,Eagles,Pennsylvania
45,"Beyer, Brennen",lineb,ACT,75,256,25-Nov-92,1,Michigan,Ravens,Maryland
56,"Bishop, Freddie",lineb,ACT,75,255,25-Feb-90,1,Western Michigan,Jets,New York
75,"Bitonio, Joel",off,RES,76,305,11-Oct-91,3,Nevada,Browns,Ohio
41,"Blackmon, Will",dback,ACT,72,212,27-Oct-84,10,Boston College,Redskins,DC
47,"Blake, Valentino",dback,ACT,69,198,9-Aug-90,5,Texas-El Paso,Titans,Tennessee 
26,"Blanton, Robert",dback,RES,73,200,7-Sep-89,5,Notre Dame,Bills,New York
20,"Boddy-Calhoun, Briean",dback,ACT,69,193,21-Jan-93,0,Minnesota,Browns,Ohio
61,"Bodine, Russell",off,ACT,75,308,30-Jun-92,3,North Carolina,Bengals,Ohio
65,"Boggs, Taylor",off,RES,75,302,20-Feb-87,4,Humboldt State,Cardinals,Arizona
65,"Boggs, Taylor",off,RES,75,302,20-Feb-87,4,Humboldt State,Eagles,Pennsylvania
65,"Boling, Clint",off,RES,77,305,9-May-89,6,Georgia,Bengals,Ohio
59,"Bond, Devante",lineb,RES,73,236,3-Jul-93,0,Oklahoma,Buccaneers,Florida
47,"Bostic, Jon",lineb,RES,73,245,5-May-91,4,Florida,Lions,Michigan
33,"Boston, Tre",dback,RES,73,205,25-Jun-92,3,North Carolina,Panthers,North Carolina
30,"Bouka, Elie",dback,RES,73,205,15-Aug-92,0,Calgary,Cardinals,Arizona
30,"Bouka, Elie",dback,RES,73,205,15-Aug-92,0,Calgary,Eagles,Pennsylvania
21,"Bouye, A.J.",dback,ACT,72,191,16-Aug-91,4,Central Florida,Texans,Texas
70,"Bowanko, Luke",off,ACT,78,313,13-Jun-91,3,Virginia,Jaguars,Florida
53,"Bowman, NaVorro",lineb,RES,72,242,28-May-88,7,Penn State,49ers,California
25,"Boykin, Brandon",dback,RES,70,182,13-Jul-90,5,Georgia,Bears,Illinois
24,"Bradberry, James",dback,ACT,73,210,4-Aug-93,0,Samford,Panthers,North Carolina
45,"Bradford, Carl",lineb,ACT,73,248,15-Aug-92,2,Arizona State,49ers,California
27,"Branch, Tyvon",dback,RES,72,210,11-Dec-86,9,Connecticut,Cardinals,Arizona
27,"Branch, Tyvon",dback,RES,72,210,11-Dec-86,9,Connecticut,Eagles,Pennsylvania
40,"Breaux, Delvin",dback,RES,73,196,25-Oct-89,2,LSU,Saints,Lousiana
26,"Breeland, Bashaud",dback,ACT,71,200,30-Jan-92,3,Clemson,Redskins,DC
64,"Brendel, Jake",off,ACT,76,305,10-Sep-92,0,UCLA,Dolphins,Florida
67,"Brenner, Sam",off,RES,74,310,27-Apr-90,4,Utah,Broncos,Colorado
29,"Brice, Kentrell",dback,ACT,71,200,11-Aug-94,0,Louisiana Tech,Packers,Wisconsin
68,"Britt, Justin",off,ACT,78,315,29-May-91,3,Missouri,Seahawks,Washington
26,"Brock, Tramaine",dback,ACT,70,197,20-Aug-88,7,Belhaven College,49ers,California
55,"Brooks, Ahmad",lineb,ACT,75,259,14-Mar-84,11,Virginia,49ers,California
40,"Brothers, Kentrell",lineb,ACT,73,242,8-Feb-93,0,Missouri,Vikings,Minnesota
30,"Brown, Anthony",dback,ACT,71,192,15-Dec-93,0,Purdue,Cowboys,Texas
23,"Brown, Chykie",dback,RES,71,191,26-Dec-86,5,Texas,Bengals,Ohio
76,"Brown, Duane",off,ACT,76,315,30-Aug-85,9,Virginia Tech,Texans,Texas
57,"Brown, Jatavis",lineb,ACT,71,221,18-Feb-94,0,Akron,Chargers,California
52,"Brown, Preston",lineb,ACT,73,251,27-Oct-92,3,Louisville,Bills,New York
38,"Brown, Sergio",dback,ACT,74,207,22-May-88,7,Notre Dame,Bills,New York
53,"Brown, Zach",lineb,ACT,73,248,23-Oct-89,5,North Carolina,Bills,New York
97,"Bryant, Armonty",lineb,RES,76,265,20-May-90,4,East Central (OK),Lions,Michigan
25,"Bryant, Christian",dback,ACT,70,198,21-Mar-92,2,Ohio State,Cardinals,Arizona
25,"Bryant, Christian",dback,ACT,70,198,21-Mar-92,2,Ohio State,Eagles,Pennsylvania
20,"Bucannon, Deone",lineb,RES,73,211,30-Aug-92,3,Washington State,Cardinals,Arizona
20,"Bucannon, Deone",lineb,RES,73,211,30-Aug-92,3,Washington State,Eagles,Pennsylvania
75,"Bulaga, Bryan",off,ACT,77,314,21-Mar-89,7,Iowa,Packers,Wisconsin
53,"Bullough, Max",lineb,ACT,75,245,11-Feb-92,2,Michigan State,Texans,Texas
55,"Burfict, Vontaze",lineb,ACT,73,250,24-Sep-90,5,Arizona State,Bengals,Ohio
26,"Burley, Marcus",dback,ACT,70,190,16-Jul-90,3,Delaware,Browns,Ohio
42,"Burnett, Morgan",dback,ACT,73,209,13-Jan-89,7,Georgia Tech,Packers,Wisconsin
25,"Burns, Artie",dback,ACT,72,197,1-May-95,0,Miami (Fla.),Steelers,Pennsylvania
32,"Burris, Juston",dback,ACT,72,212,4-Aug-93,0,North Carolina State,Jets,New York
26,"Bush, Deon",dback,ACT,72,200,14-Aug-93,0,Miami (Fla.),Bears,Illinois
31,"Bush, Rafael",dback,ACT,71,203,12-May-87,6,South Carolina State,Lions,Michigan
41,"Butler, Crezdon",dback,ACT,73,191,26-May-87,7,Clemson,Lions,Michigan
20,"Butler, Darius",dback,ACT,70,188,18-Mar-86,8,Connecticut,Colts,Indiana
56,"Butler, Donald",lineb,ACT,73,242,17-Oct-88,7,Washington,Dolphins,Florida
21,"Butler, Malcolm",dback,ACT,71,190,2-Mar-90,3,West Alabama,Patriots,Massachusetts
31,"Byard, Kevin",dback,ACT,71,212,17-Aug-93,0,Middle Tennessee State,Titans,Tennessee 
57,"Bynes, Josh",lineb,ACT,73,235,24-Aug-89,5,Auburn,Lions,Michigan
31,"Byrd, Jairus",dback,ACT,70,203,7-Oct-86,8,Oregon,Saints,Lousiana
31,"Caldwell, Trey",dback,ACT,69,185,4-Dec-93,0,Louisiana-Monroe,Browns,Ohio
91,"Calhoun, Shilique",lineb,RES,77,251,20-Mar-92,0,Michigan State,Raiders,Nevada
39,"Calhoun, Taveze",dback,ACT,73,188,26-Dec-92,0,Mississippi State,Saints,Lousiana
37,"Callahan, Bryce",dback,ACT,69,191,23-Oct-91,2,Rice,Bears,Illinois
59,"Campbell, De'Vondre",lineb,ACT,75,234,1-Jul-93,0,Minnesota,Falcons,Georgia
24,"Campbell, Ibraheim",dback,ACT,71,208,13-May-92,2,Northwestern,Browns,Ohio
39,"Canady, Maurice",dback,RES,73,193,26-May-94,0,Virginia,Ravens,Maryland
59,"Carder, Tank",lineb,ACT,74,235,18-Jan-89,5,Texas Christian,Browns,Ohio
26,"Carey, Don",dback,ACT,71,202,14-Feb-87,8,Norfolk State,Lions,Michigan
77,"Carpenter, James",off,ACT,77,321,22-Mar-89,6,Alabama,Jets,New York
39,"Carr, Brandon",dback,ACT,72,210,19-May-86,9,Grand Valley State,Cowboys,Texas
95,"Carradine, Tank",lineb,ACT,76,295,18-Feb-89,4,Florida State,49ers,California
38,"Carrie, T.J.",dback,ACT,72,205,28-Jul-90,3,Ohio U.,Raiders,Nevada
33,"Carter, Alex",dback,ACT,72,198,19-Oct-94,1,Stanford,Lions,Michigan
54,"Carter, Bruce",lineb,ACT,74,240,19-Feb-88,6,North Carolina,Jets,New York
43,"Carter, Chris",lineb,ACT,73,245,6-Apr-89,6,Fresno State,Colts,Indiana
57,"Cash, Jeremy",lineb,ACT,72,215,9-Dec-92,0,Duke,Panthers,North Carolina
52,"Casillas, Jonathan",lineb,ACT,73,227,3-Jun-87,8,Wisconsin,Giants,New York
74,"Castonzo, Anthony",off,ACT,79,311,9-Aug-88,6,Boston College,Colts,Indiana
53,"Catapano, Mike",lineb,RES,76,270,17-Aug-90,4,Princeton,Jets,New York
31,"Chancellor, Kam",dback,ACT,75,225,3-Apr-88,7,Virginia Tech,Seahawks,Washington
38,"Chekwa, Chimdi",dback,RES,72,190,7-Jan-88,4,Ohio State,Dolphins,Florida
78,"Cherilus, Gosder",off,ACT,79,316,28-Jun-84,9,Boston College,Buccaneers,Florida
56,"Chickillo, Anthony",lineb,ACT,75,255,10-Dec-92,2,Miami (Fla.),Steelers,Pennsylvania
41,"Christian, Marqui",dback,RES,71,196,27-Oct-94,0,Midwestern State,Rams,California
23,"Chung, Patrick",dback,ACT,71,215,19-Aug-87,8,Oregon,Patriots,Massachusetts
42,"Church, Barry",dback,ACT,74,218,11-Feb-88,7,Toledo,Cowboys,Texas
78,"Clady, Ryan",off,RES,78,315,6-Sep-86,9,Boise State,Jets,New York
24,"Claiborne, Morris",dback,ACT,71,192,7-Feb-90,5,LSU,Cowboys,Texas
74,"Clark, Chris",off,ACT,77,305,1-Oct-85,8,Southern Mississippi,Texans,Texas
63,"Cleary, Emmett",off,ACT,79,324,27-Apr-90,2,Boston College,Cowboys,Texas
21,"Clinton-Dix, Ha Ha",dback,ACT,73,208,21-Dec-92,3,Alabama,Packers,Wisconsin
31,"Cockrell, Ross",dback,ACT,72,191,6-Aug-91,3,Duke,Steelers,Pennsylvania
57,"Cole, Audie",lineb,ACT,77,248,1-Jun-89,5,North Carolina State,Vikings,Minnesota
58,"Cole, Trent",lineb,ACT,75,270,5-Oct-82,12,Cincinnati,Colts,Indiana
22,"Coleman, Justin",dback,ACT,71,190,27-Mar-93,2,Tennessee,Patriots,Massachusetts
20,"Coleman, Kurt",dback,ACT,71,200,1-Apr-88,7,Ohio State,Panthers,North Carolina
32,"Collins, Jalen",dback,ACT,73,203,20-Mar-93,2,LSU,Falcons,Georgia
51,"Collins, Jamie",lineb,ACT,75,250,20-Oct-89,4,Southern Mississippi,Browns,Ohio
21,"Collins, Landon",dback,ACT,72,225,10-Jan-94,2,Alabama,Giants,New York
22,"Colvin, Aaron",dback,RES,72,195,2-Oct-91,3,Oklahoma,Jaguars,Florida
51,"Compton, Will",lineb,ACT,73,238,19-Sep-89,3,Nebraska,Redskins,DC
23,"Conte, Chris",dback,ACT,74,203,23-Feb-89,6,California,Buccaneers,Florida
41,"Cooper, Marcus",dback,ACT,74,192,1-Feb-90,4,Rutgers,Cardinals,Arizona
41,"Cooper, Marcus",dback,ACT,74,192,1-Feb-90,4,Rutgers,Eagles,Pennsylvania
51,"Copeland, Brandon",lineb,ACT,75,263,2-Jul-91,2,Pennsylvania,Lions,Michigan
51,"Correa, Kamalei",lineb,RES,75,250,27-Apr-94,0,Boise State,Ravens,Maryland
29,"Countess, Blake",dback,ACT,69,184,8-Aug-93,0,Auburn,Rams,California
52,"Coyle, Brock",lineb,ACT,73,245,12-Oct-90,3,Montana,Seahawks,Washington
36,"Cravens, Su'a",lineb,ACT,73,222,7-Jul-95,0,USC,Redskins,DC
46,"Crawley, Ken",dback,RES,73,180,8-Feb-93,0,Colorado,Saints,Lousiana
20,"Cromartie, Marcus",dback,ACT,72,195,3-Dec-90,3,Wisconsin,49ers,California
56,"Cushing, Brian",lineb,ACT,75,255,24-Jan-87,8,USC,Texans,Texas
37,"Cyprien, Johnathan",dback,ACT,72,217,29-Jul-90,4,Florida International,Jaguars,Florida
37,"Dangerfield, Jordan",dback,ACT,70,199,25-Dec-90,1,Towson,Steelers,Pennsylvania
53,"Daniels, Steven",lineb,RES,71,245,12-Dec-92,0,Boston College,Redskins,DC
56,"Dansby, Karlos",lineb,ACT,75,251,3-Nov-81,13,Auburn,Bengals,Ohio
28,"Darby, Ronald",dback,ACT,71,193,2-Jan-94,2,Florida State,Bills,New York
54,"David, Lavonte",lineb,ACT,73,233,23-Jan-90,5,Nebraska,Buccaneers,Florida
35,"Davis, Akeem",dback,ACT,73,200,25-Dec-89,3,Memphis,Jaguars,Florida
43,"Davis, Chris",dback,RES,70,201,4-Nov-90,3,Auburn,49ers,California
38,"Davis, Cody",dback,ACT,73,206,6-Jun-89,4,Texas Tech,Rams,California
56,"Davis, Demario",lineb,ACT,74,248,11-Jan-89,5,Arkansas State,Browns,Ohio
75,"Davis, Ryan",lineb,RES,74,275,24-Feb-89,4,Bethune-Cookman,Cowboys,Texas
28,"Davis, Sean",dback,ACT,73,202,23-Oct-93,0,Maryland,Steelers,Pennsylvania
58,"Davis, Thomas",lineb,ACT,73,235,22-Mar-83,12,Georgia,Panthers,North Carolina
51,"Davis, Todd",lineb,ACT,73,230,17-May-92,3,Sacramento State,Broncos,Colorado
21,"Davis, Vontae",dback,ACT,71,207,27-May-88,8,Illinois,Colts,Indiana
47,"Dawson, P.J.",lineb,ACT,72,240,13-Jan-93,2,Texas Christian,Bengals,Ohio
66,"DeCastro, David",off,ACT,77,316,11-Jan-90,5,Stanford,Steelers,Pennsylvania
27,"Demps, Quintin",dback,ACT,71,210,29-Jun-85,9,Texas-El Paso,Texans,Texas
21,"Dennard, Darqueze",dback,ACT,71,198,10-Oct-91,3,Michigan State,Bengals,Ohio
50,"Dent, Akeem",lineb,ACT,73,250,27-Sep-87,6,Georgia,Texans,Texas
28,"Diggs, Quandre",dback,RES,69,200,22-Jan-93,2,Texas,Lions,Michigan
37,"Dixon, Brian",dback,ACT,72,195,26-Apr-90,3,Northwest Missouri State,Cardinals,Arizona
37,"Dixon, Brian",dback,ACT,72,195,26-Apr-90,3,Northwest Missouri State,Eagles,Pennsylvania
30,"Dixon, Travell",dback,ACT,73,210,17-Feb-91,1,Washington,Panthers,North Carolina
93,"Dodd, Kevin",lineb,RES,77,277,14-Jul-92,0,Clemson,Titans,Tennessee 
68,"Dora, Vontarrius",lineb,ACT,75,256,7-Sep-92,0,Louisiana Tech,Broncos,Colorado
20,"Dorleant, Makinton",dback,RES,71,182,6-Oct-92,0,Northern Iowa,Packers,Wisconsin
37,"Doss, Lorenzo",dback,ACT,71,187,20-Apr-94,2,Tulane,Broncos,Colorado
69,"Dotson, Demar",off,ACT,81,315,11-Oct-85,8,Southern Mississippi,Buccaneers,Florida
31,"Dowling, Jonathan",dback,RES,75,190,8-Dec-91,2,Western Kentucky,Bills,New York
23,"Drummond, Kurtis",dback,RES,73,208,29-Jan-92,2,Michigan State,Texans,Texas
58,"Dumervil, Elvis",lineb,ACT,71,250,19-Jan-84,11,Louisville,Ravens,Maryland
47,"Dunbar, Quinton",dback,ACT,74,203,22-Jul-92,2,Florida,Redskins,DC
77,"Dunlap, King",off,ACT,81,330,14-Sep-85,9,Auburn,Chargers,California
48,"Dupree, Bud",lineb,ACT,76,269,12-Feb-93,2,Kentucky,Steelers,Pennsylvania
56,"Durant, Justin",lineb,ACT,73,230,21-Sep-85,10,Hampton,Cowboys,Texas
48,"Dzubnar, Nick",lineb,RES,73,240,15-Aug-91,2,Cal Poly-S.L.O.,Chargers,California
62,"Easton, Nick",off,ACT,74,303,16-Jun-92,2,Harvard,Vikings,Minnesota
43,"Ebner, Nate",dback,ACT,72,220,14-Dec-88,5,Ohio State,Patriots,Massachusetts
30,"Edwards, SaQwan",dback,RES,72,200,13-May-92,1,New Mexico,Raiders,Nevada
33,"Ekpre-Olomu, Ifo",dback,RES,69,200,10-Jul-93,1,Oregon,Dolphins,Florida
33,"Elam, Matt",dback,ACT,70,208,21-Sep-91,4,Florida,Ravens,Maryland
59,"Ellerbe, Dannell",lineb,ACT,73,245,29-Nov-85,8,Georgia,Saints,Lousiana
21,"Elliott, DeAndre",dback,ACT,73,189,21-Nov-92,0,Colorado State,Seahawks,Washington
35,"Elliott, Javien",dback,ACT,71,176,18-Jul-93,0,Florida State,Buccaneers,Florida
91,"Elliott, Jay",lineb,ACT,75,255,11-Nov-91,3,Toledo,Packers,Wisconsin
51,"Emanuel, Kyle",lineb,ACT,75,250,16-Aug-91,2,North Dakota State,Chargers,California
74,"Erving, Cameron",off,ACT,77,313,23-Aug-92,2,Florida State,Browns,Ohio
45,"Evans, Josh",dback,ACT,72,198,5-Jun-91,4,Florida,Redskins,DC
25,"Evans, Marwin",dback,ACT,71,211,10-Apr-93,0,Utah State,Packers,Wisconsin
22,"Everett, Deshazor",dback,ACT,72,198,22-Feb-92,2,Texas A&M,Redskins,DC
32,"Exum, Antone",dback,RES,72,219,27-Feb-91,3,Virginia Tech,Vikings,Minnesota
61,"Fabiano, Anthony",off,ACT,77,307,13-Jul-93,0,Harvard,Browns,Ohio
51,"Fackrell, Kyler",lineb,ACT,77,245,25-Nov-91,0,Utah State,Packers,Wisconsin
41,"Farley, Matthias",dback,ACT,71,210,15-Jul-92,0,Notre Dame,Colts,Indiana
42,"Feeney, Travis",lineb,ACT,76,226,18-Nov-92,0,Washington,Saints,Lousiana
53,"Ferentz, James",off,ACT,74,285,5-Jun-89,2,Iowa,Broncos,Colorado
59,"Fields, Carlos",lineb,ACT,73,248,3-Oct-90,2,Winston-Salem State,Chargers,California
72,"Fisher, Eric",off,ACT,79,315,5-Jan-91,4,Central Michigan,Chiefs,Missouri
24,"Flowers, Brandon",dback,RES,69,187,18-Feb-86,9,Virginia Tech,Chargers,California
53,"Flowers, Marquis",lineb,ACT,75,245,16-Feb-92,3,Arizona,Bengals,Ohio
94,"Floyd, Leonard",lineb,ACT,75,240,8-Sep-92,0,Georgia,Bears,Illinois
55,"Ford, Dee",lineb,ACT,74,252,19-Mar-91,3,Auburn,Chiefs,Missouri
59,"Forrest, Josh",lineb,RES,75,249,24-Feb-92,0,Kentucky,Rams,California
54,"Fort, L.J.",lineb,ACT,72,232,3-Jan-90,2,Northern Iowa,Steelers,Pennsylvania
54,"Foster, Mason",lineb,ACT,73,250,1-Mar-89,6,Washington,Redskins,DC
73,"Foster, Ramon",off,ACT,77,328,7-Jan-86,8,Tennessee,Steelers,Pennsylvania
71,"France, Dan",off,ACT,78,312,1-Apr-91,1,Michigan State,Panthers,North Carolina
35,"Frazier, Kavon",dback,ACT,72,217,11-Aug-94,0,Central Michigan,Cowboys,Texas
72,"Frederick, Travis",off,ACT,76,318,18-Mar-91,4,Wisconsin,Cowboys,Texas
68,"Free, Doug",off,ACT,78,318,16-Jan-84,10,Northern Illinois,Cowboys,Texas
50,"Freeman, Jerrell",lineb,ACT,72,236,1-May-86,5,Mary Hardin-Baylor,Bears,Illinois
55,"Freeny, Jonathan",lineb,RES,74,255,15-Jun-89,5,Rutgers,Patriots,Massachusetts
59,"Fua, Alani",lineb,RES,77,234,1-Jan-92,2,Brigham Young,Cardinals,Arizona
59,"Fua, Alani",lineb,RES,77,234,1-Jan-92,2,Brigham Young,Eagles,Pennsylvania
38,"Fuller, Kendall",dback,ACT,71,196,13-Feb-95,0,Virginia Tech,Redskins,DC
23,"Fuller, Kyle",dback,RES,71,190,16-Feb-92,3,Virginia Tech,Bears,Illinois
73,"Fulton, Zach",off,ACT,77,316,23-Sep-91,3,Tennessee,Chiefs,Missouri
63,"Fusco, Brandon",off,ACT,76,306,26-Jul-88,6,Slippery Rock,Vikings,Minnesota
52,"Gachkar, Andrew",lineb,ACT,74,224,4-Nov-88,6,Missouri,Cowboys,Texas
33,"Gaines, E.J.",dback,ACT,70,190,23-Feb-92,3,Missouri,Rams,California
23,"Gaines, Phillip",dback,ACT,72,193,4-Apr-91,3,Rice,Chiefs,Missouri
63,"Garland, Ben",off,ACT,77,308,6-Apr-88,3,Air Force,Falcons,Georgia
52,"Garvin, Terence",lineb,ACT,75,235,1-Jan-91,4,West Virginia,Redskins,DC
49,"Gause, Quentin",lineb,ACT,72,243,30-Oct-92,0,Rutgers,Broncos,Colorado
22,"Gay, William",dback,ACT,70,187,1-Jan-85,10,Louisville,Steelers,Pennsylvania
26,"Geathers, Clayton",dback,RES,74,220,1-Jun-92,2,Central Florida,Colts,Indiana
68,"Giacomini, Breno",off,RES,79,318,27-Sep-85,9,Louisville,Jets,New York
24,"Gilbert, Justin",dback,ACT,72,202,7-Nov-91,3,Oklahoma State,Steelers,Pennsylvania
77,"Gilbert, Marcus",off,ACT,78,330,15-Feb-88,6,Florida,Steelers,Pennsylvania
21,"Gilchrist, Marcus",dback,RES,70,198,8-Dec-88,6,Clemson,Jets,New York
79,"Gilliam, Garry",off,ACT,77,315,26-Nov-90,3,Penn State,Seahawks,Washington
24,"Gilmore, Stephon",dback,ACT,73,190,19-Sep-90,5,South Carolina,Bills,New York
39,"Gipson, Tashaun",dback,ACT,71,210,7-Aug-90,5,Wyoming,Jaguars,Florida
53,"Glanton, Adarius",lineb,ACT,73,230,21-Sep-90,3,Florida Atlantic,Buccaneers,Florida
77,"Glenn, Cordy",off,ACT,78,345,18-Sep-89,5,Georgia,Bills,New York
44,"Golden, Markus",lineb,ACT,75,260,13-Mar-91,2,Missouri,Cardinals,Arizona
44,"Golden, Markus",lineb,ACT,75,260,13-Mar-91,2,Missouri,Eagles,Pennsylvania
21,"Golden, Robert",dback,ACT,71,202,13-Sep-90,5,Arizona,Steelers,Pennsylvania
38,"Goldson, Dashon",dback,ACT,74,200,18-Sep-84,9,Washington,Falcons,Georgia
27,"Golson, Senquez",dback,RES,69,176,7-Jul-93,2,Mississippi,Steelers,Pennsylvania
52,"Gooden, Zaviar",lineb,ACT,73,231,31-Aug-90,3,Missouri,Cardinals,Arizona
52,"Gooden, Zaviar",lineb,ACT,73,231,31-Aug-90,3,Missouri,Eagles,Pennsylvania
93,"Goodson, B.J.",lineb,ACT,72,242,29-May-93,0,Clemson,Giants,New York
39,"Goodson, Demetri",dback,RES,71,197,11-Jun-89,3,Baylor,Packers,Wisconsin
29,"Goodwin, C.J.",dback,ACT,75,220,4-Feb-90,1,California (PA),Falcons,Georgia
66,"Gradkowski, Gino",off,RES,75,300,5-Nov-88,5,Delaware,Panthers,North Carolina
20,"Graham, Corey",dback,ACT,72,196,25-Jul-85,10,New Hampshire,Bills,New York
55,"Grasu, Hroniss",off,RES,75,303,12-Aug-91,2,Oregon,Bears,Illinois
77,"Greco, John",off,RES,76,318,24-Mar-85,9,Toledo,Browns,Ohio
32,"Green, T.J.",dback,ACT,74,205,15-Mar-95,0,Clemson,Colts,Indiana
54,"Green-Thompson, Shaq",lineb,ACT,72,230,21-Apr-94,2,Washington,Panthers,North Carolina
52,"Greenway, Chad",lineb,ACT,75,237,12-Jan-83,11,Iowa,Vikings,Minnesota
22,"Griffin, Michael",dback,ACT,72,215,4-Jan-85,10,Texas,Panthers,North Carolina
55,"Grigsby, Nicholas",lineb,ACT,73,220,2-Jul-92,0,Pittsburgh,Rams,California
24,"Grimes, Brent",dback,ACT,70,185,19-Jul-83,10,Shippensburg,Buccaneers,Florida
92,"Grissom, Geneo",lineb,ACT,76,265,4-Jun-92,2,Oklahoma,Patriots,Massachusetts
72,"Groy, Ryan",off,ACT,77,320,30-Sep-90,3,Wisconsin,Bills,New York
36,"Gunter, LaDarius",dback,ACT,74,201,13-May-92,2,Miami (Fla.),Packers,Wisconsin
23,"Haden, Joe",dback,ACT,71,195,14-Apr-89,7,Florida,Browns,Ohio
54,"Hager, Bryce",lineb,ACT,73,235,4-May-92,2,Baylor,Rams,California
29,"Hal, Andre",dback,ACT,70,195,30-May-92,3,Vanderbilt,Texans,Texas
91,"Hali, Tamba",lineb,ACT,75,275,3-Nov-83,11,Penn State,Chiefs,Missouri
23,"Hall, DeAngelo",dback,RES,70,202,19-Nov-83,13,Virginia Tech,Redskins,DC
32,"Hall, Deiondre'",dback,ACT,74,201,31-May-94,0,Northern Iowa,Bears,Illinois
25,"Hall, Leon",dback,ACT,71,195,9-Dec-84,9,Michigan,Giants,New York
32,"Hamilton, Antonio",dback,ACT,72,188,24-Jan-93,0,South Carolina State,Raiders,Nevada
28,"Hargreaves, Vernon",dback,ACT,70,204,3-Jun-95,0,Florida,Buccaneers,Florida
30,"Harmon, Duron",dback,ACT,73,205,24-Jan-91,4,Rutgers,Patriots,Massachusetts
58,"Harold, Eli",lineb,ACT,75,265,20-Jan-94,2,Virginia,49ers,California
41,"Harper, Roman",dback,ACT,73,205,11-Dec-82,11,Alabama,Saints,Lousiana
41,"Harris, Anthony",dback,ACT,73,192,9-Oct-91,2,Virginia,Vikings,Minnesota
25,"Harris, Chris",dback,ACT,70,199,18-Jun-89,6,Kansas,Broncos,Colorado
52,"Harris, David",lineb,ACT,74,250,21-Jan-84,10,Michigan,Jets,New York
21,"Harris, De'Vante",dback,ACT,71,190,30-Jun-94,0,Texas A&M,Saints,Lousiana
30,"Harris, Erik",dback,RES,75,225,2-Apr-90,1,California (PA),Saints,Lousiana
68,"Harris, Ryan",off,RES,77,302,11-Mar-85,9,Notre Dame,Steelers,Pennsylvania
48,"Harris, Vernon",dback,RES,73,197,25-Jun-94,0,Dartmouth,Chiefs,Missouri
92,"Harrison, James",lineb,ACT,72,242,4-May-78,14,Kent State,Steelers,Pennsylvania
41,"Hartfield, Trevon",dback,ACT,72,195,17-Nov-91,0,Southwestern Oklahoma State,Cardinals,Arizona
41,"Hartfield, Trevon",dback,ACT,72,195,17-Nov-91,0,Southwestern Oklahoma State,Eagles,Pennsylvania
28,"Hawkins, Josh",dback,ACT,70,189,23-Jan-93,0,East Carolina,Packers,Wisconsin
68,"Hawley, Joe",off,ACT,75,302,22-Oct-88,7,Nevada-Las Vegas,Buccaneers,Florida
25,"Hayden, D.J.",dback,RES,71,190,27-Jun-90,4,Houston,Raiders,Nevada
26,"Hayward, Casey",dback,ACT,71,192,9-Sep-89,5,Vanderbilt,Chargers,California
38,"Heath, Jeff",dback,ACT,73,212,14-May-91,4,Saginaw Valley State,Cowboys,Texas
50,"Heeney, Ben",lineb,RES,72,230,13-May-92,2,Kansas,Raiders,Nevada
59,"Hekking, Brock",lineb,RES,75,250,6-Oct-91,2,Nevada,Chargers,California
66,"Henderson, Seantrel",off,SUS,79,331,21-Jan-92,3,Miami (Fla.),Bills,New York
37,"Hendy, A.J.",dback,ACT,72,209,8-Apr-93,0,Maryland,Dolphins,Florida
94,"Herzlich, Mark",lineb,ACT,76,246,1-Sep-87,6,Boston College,Giants,New York
46,"Hewitt, Neville",lineb,ACT,74,232,6-Apr-93,2,Marshall,Dolphins,Florida
54,"Hightower, Dont'a",lineb,ACT,75,265,12-Mar-90,5,Alabama,Patriots,Massachusetts
32,"Hill, Troy",dback,ACT,70,182,29-Aug-91,1,Oregon,Rams,California
59,"Hitchens, Anthony",lineb,ACT,72,235,10-Jun-92,3,Iowa,Cowboys,Texas
51,"Hodges, Gerald",lineb,ACT,74,236,17-Jan-91,4,Penn State,49ers,California
31,"House, Davon",dback,ACT,72,200,10-Jul-89,6,New Mexico State,Jaguars,Florida
50,"Houston, Justin",lineb,ACT,75,258,12-Jan-89,6,Georgia,Chiefs,Missouri
99,"Houston, Lamarr",lineb,RES,75,274,24-Jun-87,7,Texas,Bears,Illinois
36,"Houston-Carson, DeAndre",dback,ACT,73,203,13-Apr-93,0,William & Mary,Bears,Illinois
41,"Howard, Tracy",dback,ACT,70,185,29-Apr-94,0,Miami (Fla.),Browns,Ohio
25,"Howard, Xavien",dback,ACT,73,198,4-Jul-93,0,Baylor,Dolphins,Florida
61,"Hudson, Rodney",off,ACT,74,300,12-Jul-89,6,Florida State,Raiders,Nevada
42,"Huff, Marqueston",dback,ACT,71,196,6-Apr-92,3,Wyoming,Ravens,Maryland
55,"Hughes, Jerry",lineb,ACT,74,254,13-Aug-88,7,Texas Christian,Bills,New York
45,"Hull, Mike",lineb,ACT,72,233,25-May-91,1,Penn State,Dolphins,Florida
50,"Humber, Ramon",lineb,ACT,71,232,10-Aug-87,8,North Dakota State,Bills,New York
53,"Hunt, Joey",off,ACT,74,299,22-Feb-94,0,Texas Christian,Seahawks,Washington
30,"Hurst, Demontre",dback,ACT,70,191,24-Mar-91,3,Oklahoma,Bears,Illinois
74,"Hurst, James",off,ACT,77,312,17-Dec-91,3,North Carolina,Ravens,Maryland
33,"Hyde, Micah",dback,ACT,72,197,31-Dec-90,4,Iowa,Packers,Wisconsin
32,"Ihedigbo, James",dback,RES,73,214,3-Dec-83,9,Massachusetts,Bills,New York
29,"Ihenacho, Duke",dback,ACT,73,208,16-Jun-89,4,San Jose State,Redskins,DC
71,"Ijalana, Ben",off,ACT,76,322,6-Aug-89,6,Villanova,Jets,New York
60,"Ikard, Gabe",off,ACT,76,304,26-Sep-90,3,Oklahoma,Browns,Ohio
43,"Iloka, George",dback,ACT,76,225,31-Mar-90,5,Boise State,Bengals,Ohio
54,"Ingram, Melvin",lineb,ACT,74,247,26-Apr-89,5,South Carolina,Chargers,California
51,"Irvin, Bruce",lineb,ACT,75,250,1-Nov-87,5,West Virginia,Raiders,Nevada
36,"Ishmael, Kemal",dback,RES,72,206,6-May-91,4,Central Florida,Falcons,Georgia
76,"Iupati, Mike",off,ACT,77,331,12-May-87,7,Idaho,Cardinals,Arizona
76,"Iupati, Mike",off,ACT,77,331,12-May-87,7,Idaho,Eagles,Pennsylvania
30,"Iworah, Prince Charles",dback,ACT,70,193,11-Mar-93,0,Western Kentucky,49ers,California
44,"Jack, Myles",lineb,ACT,73,247,3-Sep-95,0,UCLA,Jaguars,Florida
30,"Jackson, Asa",dback,RES,70,183,2-Dec-89,4,Cal Poly-S.L.O.,Lions,Michigan
52,"Jackson, D'Qwell",lineb,SUS,72,242,26-Sep-83,11,Maryland,Colts,Indiana
53,"Jackson, Edwin",lineb,ACT,72,230,19-Dec-91,1,Georgia Southern,Colts,Indiana
66,"Jackson, Gabe",off,ACT,75,335,12-Jul-91,3,Mississippi State,Raiders,Nevada
25,"Jackson, Kareem",dback,ACT,70,185,10-Apr-88,7,Alabama,Texans,Texas
36,"Jackson, Tanard",dback,SUS,72,193,21-Jul-85,5,Syracuse,Redskins,DC
22,"Jackson, William",dback,RES,72,189,27-Oct-92,0,Houston,Bengals,Ohio
53,"Jacobs, Ben",lineb,ACT,76,240,17-Apr-88,4,Fresno State,Panthers,North Carolina
38,"James, Charles",dback,ACT,69,185,14-May-90,3,Charleston Southern,Colts,Indiana
57,"James, Cory",lineb,ACT,73,229,22-May-93,0,Colorado State,Raiders,Nevada
70,"James, Ja'Wuan",off,ACT,78,307,3-Jun-92,3,Tennessee,Dolphins,Florida
30,"Jean-Baptiste, Stanley",dback,RES,75,215,12-Apr-90,3,Nebraska,Seahawks,Washington
22,"Jefferson, Tony",dback,RES,71,212,27-Jan-92,4,Oklahoma,Cardinals,Arizona
22,"Jefferson, Tony",dback,RES,71,212,27-Jan-92,4,Oklahoma,Eagles,Pennsylvania
20,"Jenkins, Janoris",dback,ACT,70,198,29-Oct-88,5,North Alabama,Giants,New York
53,"Jenkins, Jelani",lineb,ACT,72,240,13-Mar-92,4,Florida,Dolphins,Florida
48,"Jenkins, Jordan",lineb,ACT,75,259,1-Jul-94,0,Georgia,Jets,New York
43,"Jenkins, Mike",dback,RES,70,197,22-Mar-85,9,South Florida,Cardinals,Arizona
43,"Jenkins, Mike",dback,RES,70,197,22-Mar-85,9,South Florida,Eagles,Pennsylvania
77,"Jerry, John",off,ACT,77,340,14-Jun-86,7,Mississippi,Giants,New York
57,"Johnson, Cam",lineb,ACT,76,268,24-May-90,3,Virginia,Browns,Ohio
56,"Johnson, Derrick",lineb,RES,75,242,22-Nov-82,12,Texas,Chiefs,Missouri
36,"Johnson, Dontae",dback,ACT,74,200,1-Dec-91,3,North Carolina State,49ers,California
39,"Johnson, Jeron",dback,ACT,70,212,12-Jun-88,6,Boise State,Seahawks,Washington
29,"Johnson, Josh",dback,ACT,70,195,10-Sep-89,1,Purdue,Jaguars,Florida
30,"Johnson, Kevin",dback,RES,72,185,5-Aug-92,2,Wake Forest,Texans,Texas
23,"Johnson, Leonard",dback,ACT,70,200,30-Mar-90,5,Iowa State,Panthers,North Carolina
49,"Johnson, Randell",lineb,ACT,76,245,23-Mar-91,3,Florida Atlantic,Jets,New York
25,"Johnson, Rashad",dback,ACT,71,204,2-Jan-86,8,Alabama,Titans,Tennessee 
51,"Johnson, Steven",lineb,RES,73,237,28-Mar-88,5,Kansas,Steelers,Pennsylvania
22,"Johnson, Trumaine",dback,ACT,74,208,1-Jan-90,5,Montana,Rams,California
76,"Johnson, Wesley",off,ACT,77,297,9-Jan-91,3,Vanderbilt,Jets,New York
24,"Jones, Adam",dback,ACT,70,180,30-Sep-83,10,West Virginia,Bengals,Ohio
60,"Jones, Ben",off,ACT,75,308,2-Jul-89,5,Georgia,Titans,Tennessee 
31,"Jones, Byron",dback,ACT,72,199,26-Sep-92,2,Connecticut,Cowboys,Texas
55,"Jones, Chandler",lineb,ACT,77,265,27-Feb-90,5,Syracuse,Cardinals,Arizona
55,"Jones, Chandler",lineb,ACT,77,265,27-Feb-90,5,Syracuse,Eagles,Pennsylvania
52,"Jones, Christian",lineb,ACT,75,251,18-Feb-91,3,Florida State,Bears,Illinois
42,"Jones, Colin",dback,ACT,72,205,27-Oct-87,6,Texas Christian,Panthers,North Carolina
24,"Jones, Cyrus",dback,ACT,70,200,29-Nov-93,0,Alabama,Patriots,Massachusetts
95,"Jones, Datone",lineb,ACT,76,285,24-Jul-90,4,UCLA,Packers,Wisconsin
45,"Jones, Deion",lineb,ACT,73,222,4-Nov-94,0,LSU,Falcons,Georgia
20,"Jones, Don",dback,ACT,71,195,14-May-90,4,Arkansas State,Texans,Texas
95,"Jones, Jarvis",lineb,ACT,75,248,13-Oct-89,4,Georgia,Steelers,Pennsylvania
31,"Jones, Jonathan",dback,ACT,70,190,20-Sep-93,0,Auburn,Patriots,Massachusetts
20,"Jones, Reshad",dback,RES,73,214,25-Feb-88,7,Georgia,Dolphins,Florida
29,"Jones-Quartey, Harold",dback,ACT,71,210,6-Aug-93,2,Findlay,Bears,Illinois
35,"Jordan, Michael",dback,ACT,72,200,21-Oct-92,0,Missouri Western State,Rams,California
24,"Joseph, Johnathan",dback,ACT,71,185,16-Apr-84,11,South Carolina,Texans,Texas
42,"Joseph, Karl",dback,ACT,70,207,8-Sep-93,0,West Virginia,Raiders,Nevada
20,"Joyner, Lamarcus",dback,ACT,68,184,27-Nov-90,3,Florida State,Rams,California
91,"Judon, Matt",lineb,ACT,75,275,15-Aug-92,0,Grand Valley State,Ravens,Maryland
75,"Kalil, Matt",off,RES,79,317,6-Jul-89,5,USC,Vikings,Minnesota
67,"Kalil, Ryan",off,RES,74,300,29-Mar-85,10,USC,Panthers,North Carolina
27,"Kearse, Jayron",dback,ACT,76,215,11-Feb-94,0,Clemson,Vikings,Minnesota
37,"Keeton, Bryson",dback,ACT,74,190,24-Feb-93,0,Montana State,Jets,New York
65,"Kelemete, Senio",off,ACT,75,300,10-May-90,4,Washington,Saints,Lousiana
78,"Kelly, Ryan",off,ACT,76,313,30-May-93,0,Alabama,Colts,Indiana
54,"Kendricks, Eric",lineb,ACT,72,232,29-Feb-92,2,UCLA,Vikings,Minnesota
59,"Kennard, Devon",lineb,ACT,75,251,24-Jun-91,3,USC,Giants,New York
49,"Keo, Shiloh",dback,ACT,71,208,17-Dec-87,5,Idaho,Saints,Lousiana
91,"Kerrigan, Ryan",lineb,ACT,76,265,16-Aug-88,6,Purdue,Redskins,DC
52,"Keyes, Josh",lineb,ACT,74,223,23-Jan-93,2,Boston College,Falcons,Georgia
44,"Kikaha, Hau'oli",lineb,PUP,75,246,24-Jul-92,2,Washington,Saints,Lousiana
67,"Kilgore, Daniel",off,RES,75,308,18-Dec-87,6,Appalachian State,49ers,California
35,"Killebrew, Miles",dback,ACT,74,222,10-May-93,0,Southern Utah,Lions,Michigan
25,"King, Akeem",dback,RES,73,212,29-Oct-92,2,San Jose State,Falcons,Georgia
36,"King, Brandon",dback,ACT,74,220,8-Jun-93,2,Auburn,Patriots,Massachusetts
50,"King, Deon",lineb,ACT,72,225,2-Jul-93,0,Norfolk State,Colts,Indiana
27,"Kirkpatrick, Dre",dback,ACT,74,185,26-Oct-89,5,Alabama,Bengals,Ohio
58,"Kirksey, Christian",lineb,ACT,74,235,31-Aug-92,3,Iowa,Browns,Ohio
56,"Klein, A.J.",lineb,ACT,73,240,30-Jul-91,4,Iowa State,Panthers,North Carolina
71,"Kouandjio, Cyrus",off,ACT,79,322,21-Jul-93,3,Alabama,Bills,New York
59,"Kuechly, Luke",lineb,ACT,75,238,20-Apr-91,5,Boston College,Panthers,North Carolina
44,"Kwiatkoski, Nick",lineb,ACT,74,242,26-May-93,0,West Virginia,Bears,Illinois
63,"Lamm, Kendall",off,ACT,78,310,5-Jun-92,2,Appalachian State,Texans,Texas
59,"Lamur, Emmanuel",lineb,ACT,76,245,8-Jun-89,5,Kansas State,Vikings,Minnesota
46,"Landrum, Chris",lineb,ACT,74,245,14-Sep-92,0,Jacksonville State,Chargers,California
20,"Lane, Jeremy",dback,ACT,72,190,14-Jul-90,5,Northwestern State-Louisiana,Seahawks,Washington
70,"Lang, T.J.",off,ACT,76,318,20-Sep-87,8,Eastern Michigan,Packers,Wisconsin
69,"Larsen, Tyler",off,ACT,76,335,8-Jul-91,1,Utah,Panthers,North Carolina
77,"Lauvao, Shawn",off,ACT,75,326,26-Oct-87,7,Arizona State,Redskins,DC
24,"Lawson, Nevin",dback,ACT,69,192,23-Apr-91,3,Utah State,Lions,Michigan
65,"Leary, Ronald",off,ACT,75,320,29-Apr-89,4,Memphis,Cowboys,Texas
22,"LeBlanc, Cre'von",dback,ACT,70,190,25-Jul-94,0,Florida Atlantic,Bears,Illinois
50,"Lee, Darron",lineb,ACT,73,232,18-Oct-94,0,Ohio State,Jets,New York
50,"Lee, Sean",lineb,ACT,74,238,22-Jul-86,7,Penn State,Cowboys,Texas
44,"Lemonier, Corey",lineb,ACT,75,255,19-Nov-91,4,Auburn,Jets,New York
72,"Leno, Charles, Jr.",off,ACT,75,305,9-Oct-91,3,Boise State,Bears,Illinois
41,"Levine, Anthony",dback,ACT,71,200,27-Mar-87,5,Tennessee State,Ravens,Maryland
67,"Levitre, Andy",off,ACT,74,303,15-May-86,8,Oregon State,Falcons,Georgia
54,"Levy, DeAndre",lineb,ACT,74,234,26-Mar-87,8,Wisconsin,Lions,Michigan
77,"Lewan, Taylor",off,ACT,79,309,22-Jul-91,3,Michigan,Titans,Tennessee 
23,"Lewis, Kendrick",dback,RES,72,205,16-Jun-88,7,Mississippi,Ravens,Maryland
67,"Lewis, Patrick",off,ACT,73,311,30-Jan-91,4,Texas A&M,Bills,New York
31,"Lewis-Harris, Chris",dback,ACT,70,185,11-Feb-89,4,Tennessee-Chattanooga,Ravens,Maryland
78,"Lichtensteiger, Kory",off,ACT,74,295,22-Mar-85,8,Bowling Green State,Redskins,DC
65,"Linder, Brandon",off,ACT,78,309,25-Jan-92,3,Miami (Fla.),Jaguars,Florida
63,"Linsley, Corey",off,ACT,75,301,27-Jul-91,3,Ohio State,Packers,Wisconsin
36,"Lippett, Tony",dback,ACT,75,194,2-Jul-92,2,Michigan State,Dolphins,Florida
58,"Littleton, Cory",lineb,ACT,75,227,18-Nov-93,0,Washington,Rams,California
61,"Long, Spencer",off,ACT,77,324,8-Nov-90,3,Nebraska,Redskins,DC
59,"Louis, Lamar",lineb,ACT,71,232,2-Oct-93,0,LSU,Ravens,Maryland
20,"Lowery, Dwight",dback,ACT,71,212,23-Jan-86,9,San Jose State,Chargers,California
77,"Lucas, Cornelius",off,ACT,81,330,18-Jul-91,3,Kansas State,Lions,Michigan
21,"Lucas, Jordan",dback,ACT,72,204,2-Aug-93,0,Penn State,Dolphins,Florida
,"Luckett, Cavellis",lineb,RES,72,245,6-Dec-92,0,Middle Tennessee State,Ravens,Maryland
59,"Lynch, Aaron",lineb,ACT,77,270,8-Mar-93,3,South Florida,49ers,California
52,"Lynch, Cameron",lineb,ACT,72,229,4-Aug-93,2,Syracuse,Buccaneers,Florida
51,"Mack, Alex",off,ACT,76,311,19-Nov-85,8,California,Falcons,Georgia
29,"Mager, Craig",dback,RES,71,200,11-Jun-92,2,Texas State,Chargers,California
92,"Maggitt, Curt",lineb,RES,75,250,4-Feb-93,0,Tennessee,Colts,Indiana
65,"Mancz, Greg",off,ACT,76,310,23-Apr-92,2,Toledo,Texans,Texas
74,"Mangold, Nick",off,RES,76,307,13-Jan-84,11,Ohio State,Jets,New York
59,"March-Lillard, Justin",lineb,ACT,72,222,5-Jul-93,2,Akron,Chiefs,Missouri
29,"Marlowe, Dean",dback,RES,73,210,25-Jul-92,2,James Madison,Panthers,North Carolina
91,"Marsh, Cassius",lineb,ACT,76,245,7-Jul-92,3,UCLA,Seahawks,Washington
54,"Marshall, Brandon",lineb,ACT,73,250,10-Sep-89,5,Nevada,Broncos,Colorado
30,"Marshall, Nick",dback,ACT,73,206,30-Jun-92,2,Auburn,Jets,New York
50,"Martin, Gabe",lineb,RES,74,236,5-Jun-92,1,Bowling Green State,Cardinals,Arizona
50,"Martin, Gabe",lineb,RES,74,236,5-Jun-92,1,Bowling Green State,Eagles,Pennsylvania
95,"Martin, Josh",lineb,ACT,75,245,7-Nov-91,4,Columbia,Jets,New York
96,"Martin, Kareem",lineb,ACT,78,272,19-Feb-92,3,North Carolina,Cardinals,Arizona
96,"Martin, Kareem",lineb,ACT,78,272,19-Feb-92,3,North Carolina,Eagles,Pennsylvania
66,"Martin, Marcus",off,RES,75,321,29-Nov-93,3,USC,49ers,California
66,"Martin, Nick",off,RES,76,299,29-Apr-93,0,Notre Dame,Texans,Texas
42,"Martin, Ronald",dback,ACT,74,220,26-Feb-93,2,LSU,Jets,New York
70,"Martin, Zack",off,ACT,76,310,20-Nov-90,3,Notre Dame,Cowboys,Texas
50,"Martinez, Blake",lineb,ACT,74,237,9-Jan-94,0,Stanford,Packers,Wisconsin
45,"Mason, Danny",lineb,RES,75,235,14-Oct-90,1,Texas A&M-Commerce,Bears,Illinois
70,"Massie, Bobby",off,ACT,78,320,1-Aug-89,5,Mississippi,Bears,Illinois
44,"Matakevich, Tyler",lineb,ACT,73,235,22-Dec-92,0,Temple,Steelers,Pennsylvania
32,"Mathieu, Tyrann",dback,RES,69,186,13-May-92,4,LSU,Cardinals,Arizona
32,"Mathieu, Tyrann",dback,RES,69,186,13-May-92,4,LSU,Eagles,Pennsylvania
69,"Mathis, Evan",off,RES,77,301,1-Nov-81,12,Alabama,Cardinals,Arizona
69,"Mathis, Evan",off,RES,77,301,1-Nov-81,12,Alabama,Eagles,Pennsylvania
98,"Mathis, Robert",lineb,ACT,74,245,26-Feb-81,14,Alabama A&M,Colts,Indiana
52,"Matthews, Clay",lineb,ACT,75,255,14-May-86,8,USC,Packers,Wisconsin
70,"Matthews, Jake",off,ACT,77,309,11-Feb-92,3,Texas A&M,Falcons,Georgia
58,"Maualuga, Rey",lineb,ACT,74,258,20-Jan-87,8,USC,Bengals,Ohio
90,"Mauga, Josh",lineb,RES,73,245,20-Jun-87,7,Nevada,Chiefs,Missouri
55,"Mauldin, Lorenzo",lineb,ACT,76,259,1-Oct-92,2,Louisville,Jets,New York
41,"Maxwell, Byron",dback,ACT,73,203,23-Feb-88,6,Clemson,Dolphins,Florida
55,"Mayo, David",lineb,ACT,74,245,8-Aug-93,2,Texas State,Panthers,North Carolina
28,"McCain, Bobby",dback,ACT,71,192,18-Aug-93,2,Memphis,Dolphins,Florida
23,"McCain, Brice",dback,ACT,69,190,10-Dec-86,8,Utah,Titans,Tennessee 
68,"McCants, Matt",off,ACT,78,310,18-Aug-89,4,Alabama-Birmingham,Bears,Illinois
45,"McClain, Robert",dback,ACT,69,195,22-Jul-88,5,Connecticut,Chargers,California
55,"McClain, Rolando",lineb,SUS,76,255,14-Jul-89,6,Alabama,Cowboys,Texas
50,"McClellan, Albert",lineb,ACT,74,250,4-Jun-86,6,Marshall,Ravens,Maryland
58,"McClellin, Shea",lineb,ACT,75,250,1-Aug-89,5,Boise State,Patriots,Massachusetts
23,"McCoil, Dexter",dback,ACT,76,220,5-Sep-91,1,Tulsa,Chargers,California
32,"McCourty, Devin",dback,ACT,70,195,13-Aug-87,7,Rutgers,Patriots,Massachusetts
30,"McCourty, Jason",dback,ACT,72,193,13-Aug-87,8,Rutgers,Titans,Tennessee 
33,"McCray, Kelcie",dback,ACT,74,202,21-Sep-88,5,Arkansas State,Seahawks,Washington
56,"McCray, Lerentee",lineb,ACT,75,249,26-Aug-90,4,Florida,Bills,New York
41,"McDonald, Dewey",lineb,ACT,72,220,10-Jun-90,3,California (PA),Seahawks,Washington
23,"McDonald, Dexter",dback,ACT,73,200,30-Nov-91,2,Kansas,Raiders,Nevada
25,"McDonald, T.J.",dback,ACT,74,217,26-Jan-91,4,USC,Rams,California
30,"McDougald, Bradley",dback,ACT,73,209,15-Nov-90,4,Kansas,Buccaneers,Florida
23,"McDougle, Dexter",dback,ACT,70,195,8-Apr-91,3,Maryland,Jets,New York
23,"McFadden, Leon",dback,ACT,70,190,26-Oct-90,3,San Diego State,Cowboys,Texas
39,"McGill, Keith",dback,ACT,75,210,9-Mar-89,3,Utah,Raiders,Nevada
55,"McKinney, Benardrick",lineb,ACT,76,260,19-Nov-92,2,Mississippi State,Texans,Texas
27,"McManis, Sherrick",dback,ACT,73,192,19-Dec-87,7,Northwestern,Bears,Illinois
48,"McManis, Wynton",lineb,ACT,73,225,20-Sep-94,0,Memphis,49ers,California
57,"McNary, Josh",lineb,ACT,72,251,10-Apr-88,3,Army,Colts,Indiana
92,"McPhee, Pernell",lineb,ACT,75,273,17-Dec-88,6,Mississippi State,Bears,Illinois
36,"Meeks, Jonathan",dback,ACT,72,209,8-Nov-89,3,Clemson,Bills,New York
30,"Melvin, Rashaan",dback,ACT,74,193,2-Oct-89,4,Northern Illinois,Colts,Indiana
59,"Mercilus, Whitney",lineb,ACT,76,265,21-Jul-90,5,Illinois,Texans,Texas
36,"Middleton, Doug",dback,ACT,72,210,25-Sep-93,0,Appalachian State,Jets,New York
45,"Miles, Rontez",dback,ACT,72,203,25-Nov-88,2,California (PA),Jets,New York
34,"Miller, Harlan",dback,ACT,72,182,20-Jun-94,0,Southeastern Louisiana,Cardinals,Arizona
34,"Miller, Harlan",dback,ACT,72,182,20-Jun-94,0,Southeastern Louisiana,Eagles,Pennsylvania
58,"Miller, Von",lineb,ACT,75,250,26-Mar-89,6,Texas A&M,Broncos,Colorado
40,"Milton, Chris",dback,ACT,71,190,15-Sep-92,0,Georgia Tech,Colts,Indiana
51,"Mingo, Barkevious",lineb,ACT,76,240,4-Oct-90,4,LSU,Patriots,Massachusetts
51,"Minter, Kevin",lineb,ACT,72,246,3-Dec-90,4,LSU,Cardinals,Arizona
51,"Minter, Kevin",lineb,ACT,72,246,3-Dec-90,4,LSU,Eagles,Pennsylvania
55,"Misi, Koa",lineb,RES,75,256,17-Jan-87,7,Utah,Dolphins,Florida
23,"Mitchell, Mike",dback,ACT,73,221,10-Jun-87,8,Ohio U.,Steelers,Pennsylvania
39,"Mitchell, Terrance",dback,ACT,71,190,17-May-92,3,Oregon,Chiefs,Missouri
55,"Moats, Arthur",lineb,ACT,72,246,14-Mar-88,7,James Madison,Steelers,Pennsylvania
43,"Moore, Corey",dback,ACT,74,200,28-Jan-93,1,Georgia,Texans,Texas
54,"Moore, Sio",lineb,ACT,73,245,2-May-90,4,Connecticut,Cardinals,Arizona
54,"Moore, Sio",lineb,ACT,73,245,2-May-90,4,Connecticut,Eagles,Pennsylvania
24,"Moore, Sterling",dback,ACT,70,202,3-Feb-90,6,Southern Methodist,Saints,Lousiana
91,"Morgan, Derrick",lineb,ACT,76,261,6-Jan-89,7,Georgia Tech,Titans,Tennessee 
57,"Morgan, Mike",lineb,ACT,75,235,16-Jan-88,6,USC,Seahawks,Washington
35,"Morris, Darryl",dback,ACT,70,188,4-Sep-90,4,Texas State,Colts,Indiana
46,"Morris, James",lineb,RES,73,245,20-Nov-91,3,Iowa,Cowboys,Texas
44,"Morrison, Antonio",lineb,ACT,73,232,6-Dec-94,0,Florida,Colts,Indiana
61,"Morse, Mitch",off,ACT,78,305,21-Apr-92,2,Missouri,Chiefs,Missouri
76,"Moses, Morgan",off,ACT,78,335,3-Mar-91,3,Virginia,Redskins,DC
57,"Mosley, C.J.",lineb,ACT,74,241,19-Jun-92,3,Alabama,Ravens,Maryland
53,"Mount, Deiontrez",lineb,ACT,77,249,26-Feb-93,2,Louisville,Colts,Indiana
24,"Munnerlyn, Captain",dback,ACT,69,195,10-Apr-88,8,South Carolina,Vikings,Minnesota
21,"Murray, Eric",dback,ACT,71,199,7-Jan-94,0,Minnesota,Chiefs,Missouri
22,"Neal, Keanu",dback,ACT,72,211,26-Jul-95,0,Florida,Falcons,Georgia
20,"Neasman, Sharrod",dback,ACT,71,213,14-Oct-91,0,Florida Atlantic,Falcons,Georgia
52,"Nelson, Corey",lineb,ACT,73,226,22-Apr-92,3,Oklahoma,Broncos,Colorado
27,"Nelson, Reggie",dback,ACT,71,210,21-Sep-83,10,Florida,Raiders,Nevada
32,"Nelson, Robert",dback,ACT,70,180,16-Feb-90,2,Arizona State,Texans,Texas
20,"Nelson, Steven",dback,ACT,71,194,22-Jan-93,2,Oregon State,Chiefs,Missouri
23,"Newman, Terence",dback,ACT,70,197,4-Sep-78,14,Kansas State,Vikings,Minnesota
72,"Newton, Derek",off,RES,78,315,16-Nov-87,6,Arkansas State,Texans,Texas
52,"Nicolas, Dadi",lineb,RES,75,235,29-Sep-92,0,Virginia Tech,Chiefs,Missouri
50,"Ninkovich, Rob",lineb,ACT,74,260,1-Feb-84,11,Purdue,Patriots,Massachusetts
39,"Nixon, Taurean",dback,ACT,70,187,7-Feb-91,1,Tulane,Broncos,Colorado
24,"Norman, Josh",dback,ACT,72,200,15-Dec-87,5,Coastal Carolina,Redskins,DC
52,"Norris, Jared",lineb,ACT,73,240,19-Jul-93,0,Utah,Panthers,North Carolina
68,"Norwell, Andrew",off,ACT,78,325,25-Oct-91,3,Ohio State,Panthers,North Carolina
79,"Nsekhe, Ty",off,ACT,80,335,27-Oct-85,2,Texas State,Redskins,DC
53,"Nzeocha, Mark",lineb,ACT,75,239,19-Jan-90,2,Wyoming,Cowboys,Texas
54,"Ochi, Victor",lineb,ACT,73,242,2-Oct-93,0,Stony Brook,Chiefs,Missouri
52,"Ogletree, Alec",lineb,ACT,74,245,25-Sep-91,4,Georgia,Rams,California
73,"Oher, Michael",off,RES,76,315,28-May-86,8,Mississippi,Panthers,North Carolina
57,"Okafor, Alex",lineb,ACT,76,261,8-Feb-91,4,Texas,Cardinals,Arizona
57,"Okafor, Alex",lineb,ACT,76,261,8-Feb-91,4,Texas,Eagles,Pennsylvania
23,"Okotcha, Bennett",dback,RES,72,195,7-Feb-93,0,Texas-San Antonio,Titans,Tennessee 
30,"Olatoye, Deji",dback,ACT,73,205,20-Jul-91,2,North Carolina A&T,Falcons,Georgia
48,"Onwuasor, Patrick",lineb,ACT,72,217,22-Aug-92,0,Portland State,Ravens,Maryland
98,"Orakpo, Brian",lineb,ACT,76,257,31-Jul-86,8,Texas,Titans,Tennessee 
44,"Orchard, Nate",lineb,RES,76,255,5-Jan-93,2,Utah,Browns,Ohio
54,"Orr, Zach",lineb,RES,72,225,9-Jun-92,3,North Texas,Ravens,Maryland
50,"Palmer, Nate",lineb,ACT,74,248,23-Sep-89,4,Illinois State,Titans,Tennessee 
61,"Paradis, Matt",off,ACT,75,300,12-Oct-89,2,Boise State,Broncos,Colorado
38,"Parker, Ron",dback,ACT,72,206,17-Aug-87,6,Newberry,Chiefs,Missouri
34,"Parks, Will",dback,ACT,72,200,29-Jul-94,0,Arizona,Broncos,Colorado
42,"Paysinger, Spencer",lineb,ACT,74,249,28-Jun-88,6,Oregon,Dolphins,Florida
72,"Penn, Donald",off,ACT,76,315,27-Apr-83,11,Utah State,Raiders,Nevada
56,"Peppers, Julius",lineb,ACT,79,287,18-Jan-80,15,North Carolina,Packers,Wisconsin
53,"Perry, Joshua",lineb,ACT,76,253,26-Apr-94,0,Ohio State,Chargers,California
53,"Perry, Nick",lineb,ACT,75,265,12-Apr-90,5,USC,Packers,Wisconsin
52,"Perryman, Denzel",lineb,ACT,71,240,5-Dec-92,2,Miami (Fla.),Chargers,California
52,"Peters, Brian",lineb,ACT,76,240,31-Oct-88,2,Northwestern (Ia),Texans,Texas
22,"Peters, Marcus",dback,ACT,72,197,9-Jan-93,2,Washington,Chiefs,Missouri
21,"Peterson, Patrick",dback,ACT,73,203,11-Jul-90,6,LSU,Cardinals,Arizona
21,"Peterson, Patrick",dback,ACT,73,203,11-Jul-90,6,LSU,Eagles,Pennsylvania
31,"Phillips, Adrian",dback,ACT,71,210,28-Mar-92,2,Texas,Chargers,California
35,"Phillips, Dashaun",dback,ACT,71,190,3-Jan-91,2,Tarleton State,Redskins,DC
58,"Pierre-Louis, Kevin",lineb,ACT,72,230,7-Oct-91,3,Boston College,Seahawks,Washington
47,"Pinkins, Eric",dback,ACT,75,230,7-Aug-91,3,San Diego State,Giants,New York
40,"Pitts, Lafayette",dback,ACT,70,196,24-Sep-92,0,Pittsburgh,Dolphins,Florida
35,"Pleasant, Eddie",dback,ACT,70,200,17-Dec-88,4,Oregon,Texans,Texas
34,"Poole, Brian",dback,ACT,69,213,20-Oct-92,0,Florida,Falcons,Georgia
53,"Porter, Sean",lineb,RES,73,242,12-Jan-91,4,Texas A&M,Jaguars,Florida
21,"Porter, Tracy",dback,ACT,71,200,11-Aug-86,9,Indiana,Bears,Illinois
51,"Posluszny, Paul",lineb,ACT,74,232,10-Oct-84,10,Penn State,Jaguars,Florida
53,"Pouncey, Maurkice",off,ACT,76,304,24-Jul-89,7,Florida,Steelers,Pennsylvania
51,"Pouncey, Mike",off,RES,77,299,24-Jul-89,6,Florida,Dolphins,Florida
59,"Powell, Ronald",lineb,ACT,75,237,14-May-91,2,Florida,Seahawks,Washington
26,"Powers, Jerraud",dback,ACT,70,193,19-Jul-87,8,Auburn,Ravens,Maryland
33,"Poyer, Jordan",dback,RES,72,191,25-Apr-91,4,Oregon State,Browns,Ohio
25,"Price, Jabari",dback,RES,71,200,31-Aug-92,3,North Carolina,Vikings,Minnesota
27,"Price, Sheldon",dback,RES,74,194,26-Mar-91,1,UCLA,Ravens,Maryland
31,"Prosinski, Chris",dback,ACT,73,213,28-Apr-87,6,Wyoming,Bears,Illinois
43,"Pruitt, Jimmy",dback,RES,72,203,28-Nov-92,0,San Jose State,Saints,Lousiana
25,"Pryor, Calvin",dback,ACT,71,207,2-Jul-92,3,Louisville,Jets,New York
52,"Pullard, Hayes",lineb,ACT,72,233,18-Apr-92,2,USC,Jaguars,Florida
73,"Pulley, Spencer",off,ACT,76,308,4-Apr-93,0,Vanderbilt,Chargers,California
27,"Quin, Glover",dback,ACT,72,207,15-Jan-86,8,New Mexico,Lions,Michigan
79,"Qvale, Brent",off,ACT,79,315,11-Mar-91,2,Nebraska,Jets,New York
59,"Ragland, Reggie",lineb,RES,74,252,23-Sep-93,0,Alabama,Bills,New York
30,"Rambo, Bacarri",dback,ACT,72,211,27-Jun-90,4,Georgia,Dolphins,Florida
20,"Ramsey, Jalen",dback,ACT,73,211,24-Oct-94,0,Florida State,Jaguars,Florida
23,"Randall, Damarious",dback,ACT,71,196,29-Aug-92,2,Arizona State,Packers,Wisconsin
43,"Randolph, Brian",dback,RES,72,198,20-Oct-92,0,Tennessee,Rams,California
56,"Ray, Shane",lineb,ACT,75,245,18-May-93,2,Missouri,Broncos,Colorado
27,"Reaser, Keith",dback,ACT,72,190,31-Jul-91,2,Florida Atlantic,49ers,California
23,"Redmond, Will",dback,RES,72,186,28-Dec-93,0,Mississippi State,49ers,California
64,"Reed, Chris",off,RES,77,310,22-Jul-92,1,Minnesota State,Jaguars,Florida
32,"Reed, Kalan",dback,ACT,71,192,29-Dec-93,0,Southern Mississippi,Titans,Tennessee 
38,"Reed, Trovon",dback,ACT,72,191,30-Dec-90,1,Auburn,Chargers,California
35,"Reid, Eric",dback,RES,73,213,10-Dec-91,4,LSU,49ers,California
71,"Reiff, Riley",off,ACT,78,305,1-Dec-88,5,Iowa,Lions,Michigan
57,"Reilly, Trevor",lineb,ACT,77,245,17-Jan-88,3,Utah,Dolphins,Florida
62,"Reiter, Austin",off,RES,75,307,27-Nov-91,1,South Florida,Browns,Ohio
74,"Remmers, Mike",off,ACT,77,310,11-Apr-89,4,Oregon State,Panthers,North Carolina
24,"Revis, Darrelle",dback,ACT,71,198,14-Jul-85,10,Pittsburgh,Jets,New York
57,"Rey, Vincent",lineb,ACT,72,250,6-Sep-87,6,Duke,Bengals,Ohio
39,"Reynolds, Ed",dback,ACT,73,207,18-Oct-91,2,Stanford,Browns,Ohio
53,"Reynolds, LaRoy",lineb,ACT,73,240,3-Nov-90,4,Virginia,Falcons,Georgia
46,"Rhodes, Luke",lineb,ACT,74,242,2-Dec-92,0,William & Mary,Colts,Indiana
29,"Rhodes, Xavier",dback,ACT,73,218,19-Jun-90,4,Florida State,Vikings,Minnesota
37,"Richards, Jordan",dback,ACT,71,210,21-Jan-93,2,Stanford,Patriots,Massachusetts
70,"Richburg, Weston",off,ACT,75,298,9-Jul-91,3,Colorado State,Giants,New York
35,"Riley, Curtis",dback,ACT,72,190,18-Jul-92,2,Fresno State,Titans,Tennessee 
54,"Riley, Perry",lineb,ACT,72,240,3-May-88,7,LSU,Raiders,Nevada
48,"Rivers, Gerald",lineb,RES,74,250,22-Jun-90,2,Mississippi,Texans,Texas
52,"Roach, Trevor",lineb,ACT,74,247,6-Mar-92,1,Nebraska,Bengals,Ohio
39,"Roberson, Marcus",dback,ACT,72,191,4-Oct-92,3,Florida,Bills,New York
27,"Roberts, Darryl",dback,ACT,72,182,26-Nov-90,2,Marshall,Jets,New York
52,"Roberts, Elandon",lineb,ACT,71,235,22-Apr-94,0,Houston,Patriots,Massachusetts
52,"Robertson, Craig",lineb,ACT,73,234,11-Feb-88,5,North Texas,Saints,Lousiana
21,"Robey-Coleman, Nickell",dback,ACT,68,165,17-Jan-92,4,USC,Bills,New York
51,"Robinson, Edmond",lineb,ACT,75,245,23-Feb-92,2,Newberry,Vikings,Minnesota
73,"Robinson, Greg",off,ACT,77,332,21-Oct-92,3,Auburn,Rams,California
26,"Robinson, Josh",dback,ACT,70,200,8-Jan-91,5,Central Florida,Buccaneers,Florida
57,"Robinson, Keenan",lineb,ACT,75,238,7-Jul-89,5,Texas,Giants,New York
25,"Robinson, Patrick",dback,RES,71,191,7-Sep-87,7,Florida State,Colts,Indiana
33,"Robinson, Rashard",dback,ACT,73,177,23-Jul-95,0,LSU,49ers,California
29,"Roby, Bradley",dback,ACT,71,194,1-May-92,3,Ohio State,Broncos,Colorado
41,"Rodgers-Cromartie, Dominique",dback,ACT,74,193,7-Apr-86,9,Tennessee State,Giants,New York
38,"Rolle, Jumal",dback,RES,72,190,28-May-90,3,Catawba,Ravens,Maryland
24,"Rollins, Quinten",dback,ACT,71,195,15-Jul-92,2,Miami (Ohio),Packers,Wisconsin
25,"Rowe, Eric",dback,ACT,73,205,3-Oct-92,2,Utah,Patriots,Massachusetts
54,"Rush, Marcus",lineb,ACT,74,251,19-Jun-91,1,Michigan State,Jaguars,Florida
20,"Russell, KeiVarae",dback,ACT,71,192,19-Oct-93,0,Notre Dame,Bengals,Ohio
47,"Ryan, Jake",lineb,ACT,74,240,27-Feb-92,2,Michigan,Packers,Wisconsin
26,"Ryan, Logan",dback,ACT,71,195,9-Feb-91,4,Rutgers,Patriots,Massachusetts
76,"Saffold, Rodger",off,ACT,77,332,6-Jun-88,7,Indiana,Rams,California
23,"Sample, James",dback,RES,74,215,23-Jun-92,2,Louisville,Jaguars,Florida
31,"Sanchez, Zack",dback,RES,71,185,11-Oct-93,0,Oklahoma,Panthers,North Carolina
33,"Sanford, Jamarca",dback,RES,70,200,27-Aug-85,8,Mississippi,Saints,Lousiana
32,"Scandrick, Orlando",dback,ACT,70,196,10-Feb-87,9,Boise State,Cowboys,Texas
57,"Scarlett, Brennan",lineb,ACT,75,260,31-Jul-93,0,Stanford,Texans,Texas
53,"Schobert, Joe",lineb,ACT,73,245,6-Nov-93,0,Wisconsin,Browns,Ohio
73,"Schraeder, Ryan",off,ACT,79,300,4-May-88,4,Valdosta State,Falcons,Georgia
79,"Scott, Chris",off,ACT,76,340,4-Aug-87,5,Tennessee,Panthers,North Carolina
21,"Searcy, Da'Norris",dback,ACT,71,207,16-Nov-88,6,North Carolina,Titans,Tennessee 
39,"Seisay, Mohammed",dback,RES,74,206,22-May-90,3,Nebraska,Seahawks,Washington
34,"Sendejo, Andrew",dback,RES,73,210,9-Sep-87,6,Rice,Vikings,Minnesota
30,"Sensabaugh, Coty",dback,ACT,71,187,15-Nov-88,5,Clemson,Giants,New York
29,"Seymour, Kevon",dback,ACT,72,185,30-Nov-93,0,USC,Bills,New York
20,"Shabazz, Al-Hajj",dback,ACT,72,200,2-Aug-92,1,West Chester,Steelers,Pennsylvania
26,"Shaw, Josh",dback,ACT,73,200,27-Mar-92,2,USC,Bengals,Ohio
50,"Shazier, Ryan",lineb,ACT,73,230,6-Sep-92,3,Ohio State,Steelers,Pennsylvania
35,"Shead, DeShawn",dback,ACT,74,212,28-Jun-89,5,Portland State,Seahawks,Washington
38,"Shepherd, JaCorey",dback,ACT,71,199,29-Mar-93,2,Kansas,49ers,California
91,"Sheppard, Kelvin",lineb,ACT,74,249,2-Jan-88,6,LSU,Giants,New York
35,"Sherels, Marcus",dback,ACT,70,175,30-Sep-87,6,Minnesota,Vikings,Minnesota
25,"Sherman, Richard",dback,ACT,75,195,30-Mar-88,6,Stanford,Seahawks,Washington
37,"Shields, Sam",dback,RES,71,184,8-Dec-87,7,Miami (Fla.),Packers,Wisconsin
53,"Shipley, A.Q.",off,ACT,73,307,22-May-86,5,Penn State,Cardinals,Arizona
53,"Shipley, A.Q.",off,ACT,73,307,22-May-86,5,Penn State,Eagles,Pennsylvania
46,"Shirley, Josh",lineb,ACT,73,235,4-Jan-92,2,Nevada-Las Vegas,Bears,Illinois
31,"Simmons, Justin",dback,ACT,74,202,19-Nov-93,0,Boston College,Broncos,Colorado
51,"Simon, John",lineb,ACT,73,260,14-Oct-90,4,Ohio State,Texans,Texas
36,"Sims, LeShaun",dback,ACT,72,203,18-Sep-93,0,Southern Utah,Titans,Tennessee 
53,"Skinner, Deontae",lineb,ACT,74,250,18-Dec-90,2,Mississippi State,Giants,New York
56,"Skov, Shayne",lineb,RES,75,247,9-Jul-90,2,Stanford,49ers,California
41,"Skrine, Buster",dback,ACT,69,185,26-Apr-89,6,Tennessee-Chattanooga,Jets,New York
55,"Skuta, Dan",lineb,ACT,74,252,21-Apr-86,8,Grand Valley State,Jaguars,Florida
68,"Slauson, Matt",off,ACT,77,315,18-Feb-86,8,Nebraska,Chargers,California
23,"Slay, Darius",dback,ACT,72,190,1-Jan-91,4,Mississippi State,Lions,Michigan
99,"Smith, Aldon",lineb,SUS,76,265,25-Sep-89,6,Missouri,Raiders,Nevada
51,"Smith, Daryl",lineb,ACT,74,250,14-Mar-82,13,Georgia Tech,Buccaneers,Florida
31,"Smith, Derron",dback,ACT,70,200,4-Feb-92,2,Fresno State,Bengals,Ohio
20,"Smith, D'Joun",dback,ACT,71,193,23-Sep-92,2,Florida Atlantic,Titans,Tennessee 
22,"Smith, Harrison",dback,ACT,74,214,2-Feb-89,5,Notre Dame,Vikings,Minnesota
22,"Smith, Jimmy",dback,RES,74,210,26-Jul-88,6,Colorado,Ravens,Maryland
53,"Smith, Malcolm",lineb,ACT,72,225,5-Jul-89,6,USC,Raiders,Nevada
94,"Smith, Preston",lineb,ACT,77,268,17-Nov-92,2,Mississippi State,Redskins,DC
29,"Smith, Ryan",dback,ACT,71,189,7-Sep-93,0,North Carolina Central,Buccaneers,Florida
21,"Smith, Sean",dback,ACT,75,220,14-Jul-87,8,Utah,Raiders,Nevada
50,"Smith, Telvin",lineb,ACT,75,218,11-Apr-91,3,Florida State,Jaguars,Florida
62,"Smith, Terrance",lineb,ACT,74,235,3-May-93,0,Florida State,Chiefs,Missouri
77,"Smith, Tyron",off,ACT,77,320,12-Dec-90,6,USC,Cowboys,Texas
90,"Smith, Za'Darius",lineb,ACT,76,275,8-Sep-92,2,Kentucky,Ravens,Maryland
77,"Solder, Nate",off,ACT,80,325,12-Apr-88,6,Colorado,Patriots,Massachusetts
49,"Sorensen, Daniel",dback,ACT,74,208,5-Mar-90,3,Brigham Young,Chiefs,Missouri
50,"Spaight, Martrell",lineb,ACT,72,238,5-Aug-93,2,Arkansas,Redskins,DC
55,"Spence, Sean",lineb,ACT,71,231,7-Jun-90,5,Miami (Fla.),Titans,Tennessee 
51,"Spikes, Brandon",lineb,ACT,74,255,3-Sep-87,6,Florida,Bills,New York
24,"Stafford, Daimion",dback,ACT,73,218,18-Feb-91,4,Nebraska,Titans,Tennessee 
74,"Staley, Joe",off,ACT,77,315,30-Aug-84,10,Central Michigan,49ers,California
51,"Stanford, Julian",lineb,RES,73,230,2-Sep-90,3,Wagner,Jets,New York
57,"Staples, Justin",lineb,ACT,76,245,10-Dec-89,3,Illinois,Titans,Tennessee 
52,"Starr, Tyler",lineb,RES,77,250,25-Jan-91,3,South Dakota,Falcons,Georgia
65,"Steen, Anthony",off,ACT,75,313,9-May-90,1,Alabama,Dolphins,Florida
26,"Stewart, Darian",dback,ACT,71,214,4-Aug-88,7,South Carolina,Broncos,Colorado
64,"Strief, Zach",off,ACT,79,320,22-Sep-83,11,Northwestern,Saints,Lousiana
25,"Stuckey, Darrell",dback,ACT,71,212,16-Jun-87,7,Kansas,Chargers,California
54,"Stupar, Nate",lineb,ACT,74,240,14-Mar-88,4,Penn State,Saints,Lousiana
71,"Su'a-Filo, Xavier",off,ACT,76,320,1-Jan-91,3,UCLA,Texans,Texas
55,"Suggs, Terrell",lineb,ACT,75,265,11-Oct-82,14,Arizona State,Ravens,Maryland
56,"Sullivan, John",off,ACT,76,310,8-Aug-85,8,Notre Dame,Redskins,DC
40,"Sunseri, Vinnie",dback,ACT,72,210,25-Oct-91,3,Alabama,49ers,California
27,"Swann, Damian",dback,RES,72,189,4-Dec-92,2,Georgia,Saints,Lousiana
64,"Swanson, Travis",off,ACT,77,304,30-Jan-91,3,Arkansas,Lions,Michigan
36,"Swearinger, D.J.",dback,ACT,70,205,12-Feb-89,4,South Carolina,Cardinals,Arizona
36,"Swearinger, D.J.",dback,ACT,70,205,12-Feb-89,4,South Carolina,Eagles,Pennsylvania
21,"Talib, Aqib",dback,ACT,73,205,13-Feb-86,9,Kansas,Broncos,Colorado
37,"Tandy, Keith",dback,ACT,70,205,12-Feb-89,5,West Virginia,Buccaneers,Florida
29,"Tartt, Jaquiski",dback,ACT,73,221,18-Feb-92,2,Samford,49ers,California
21,"Taylor, Jamar",dback,ACT,71,192,29-Sep-90,4,Boise State,Browns,Ohio
65,"Taylor, Lane",off,ACT,75,324,22-Nov-89,4,Oklahoma State,Packers,Wisconsin
50,"Te'o, Manti",lineb,RES,73,241,26-Jan-91,4,Notre Dame,Chargers,California
23,"Terrell, Steven",dback,ACT,70,197,21-Sep-90,4,Texas A&M,Seahawks,Washington
35,"Therezie, Robenson",dback,ACT,69,212,5-Aug-91,2,Auburn,Saints,Lousiana
29,"Thomas, Earl",dback,RES,70,202,7-May-89,7,Texas,Seahawks,Washington
55,"Thomas, J.T.",lineb,RES,73,236,15-Aug-88,6,West Virginia,Giants,New York
73,"Thomas, Joe",off,ACT,78,312,4-Dec-84,10,Wisconsin,Browns,Ohio
48,"Thomas, Joe",lineb,ACT,73,227,6-May-91,2,South Carolina State,Packers,Wisconsin
31,"Thomas, Michael",dback,ACT,71,193,17-Mar-90,4,Stanford,Dolphins,Florida
43,"Thomas, Phillip",dback,RES,72,223,1-Mar-89,3,Fresno State,Bills,New York
29,"Thomas, Shamarko",dback,RES,69,205,23-Feb-91,4,Syracuse,Steelers,Pennsylvania
27,"Thompson, Darian",dback,RES,73,213,22-Sep-93,0,Boise State,Giants,New York
22,"Thompson, Mykkele",dback,RES,72,193,22-Apr-93,2,Texas,Giants,New York
25,"Thompson, Peyton",dback,ACT,70,189,26-Sep-90,2,San Jose State,Jaguars,Florida
69,"Thornton, Hugh",off,RES,75,320,28-Jun-91,4,Illinois,Colts,Indiana
27,"Thorpe, Neiko",dback,ACT,73,200,1-Feb-90,4,Auburn,Seahawks,Washington
61,"Tiller, Andrew",off,ACT,76,324,13-Mar-89,4,Syracuse,49ers,California
94,"Timmons, Lawrence",lineb,ACT,73,234,14-May-86,10,Florida State,Steelers,Pennsylvania
53,"Timu, John",lineb,ACT,72,245,27-Aug-92,2,Washington,Bears,Illinois
20,"Toler, Greg",dback,ACT,72,180,2-Jan-85,8,St. Paul's (VA),Redskins,DC
56,"Toomer, Korey",lineb,ACT,74,235,9-Dec-88,3,Idaho,Chargers,California
48,"Trail, Lynden",lineb,ACT,78,270,19-Mar-91,1,Norfolk State,Redskins,DC
41,"Trawick, Brynden",dback,ACT,74,225,23-Oct-89,4,Troy,Raiders,Nevada
73,"Tretter, JC",off,RES,76,307,12-Feb-91,4,Cornell,Packers,Wisconsin
59,"Trevathan, Danny",lineb,RES,73,239,24-Mar-90,5,Kentucky,Bears,Illinois
58,"Tripp, Jordan",lineb,ACT,76,244,3-Apr-91,3,Montana,Packers,Wisconsin
21,"Trufant, Desmond",dback,RES,72,190,10-Sep-90,4,Washington,Falcons,Georgia
57,"Trusnik, Jason",lineb,ACT,76,252,6-Jun-84,10,Ohio Northern,Saints,Lousiana
62,"Tuerk, Max",off,ACT,77,298,27-Jan-94,0,USC,Chargers,California
70,"Turner, Trai",off,ACT,75,310,14-Jun-93,3,LSU,Panthers,North Carolina
61,"Ume-Ezeoke, Valerian",off,RES,75,295,14-Feb-93,1,New Mexico State,Steelers,Pennsylvania
47,"Unga, Uani'",lineb,RES,73,233,28-Dec-87,2,Brigham Young,Giants,New York
60,"Unger, Max",off,ACT,77,305,14-Apr-86,8,Oregon,Saints,Lousiana
60,"Urbik, Kraig",off,ACT,77,334,23-Sep-85,8,Wisconsin,Dolphins,Florida
32,"Vaccaro, Kenny",dback,SUS,72,214,15-Feb-91,4,Texas,Saints,Lousiana
53,"Van Noy, Kyle",lineb,ACT,75,243,19-Jun-90,3,Brigham Young,Patriots,Massachusetts
68,"Veldheer, Jared",off,RES,80,321,14-Jun-87,7,Hillsdale,Cardinals,Arizona
68,"Veldheer, Jared",off,RES,80,321,14-Jun-87,7,Hillsdale,Eagles,Pennsylvania
21,"Verner, Alterraun",dback,ACT,70,187,13-Dec-88,7,UCLA,Buccaneers,Florida
22,"Verrett, Jason",dback,RES,70,188,18-Jun-91,3,Texas Christian,Chargers,California
59,"Vigil, Nick",lineb,ACT,74,239,20-Aug-93,0,Utah State,Bengals,Ohio
59,"Vigil, Zach",lineb,ACT,74,240,28-Mar-91,2,Utah State,Redskins,DC
78,"Villanueva, Alejandro",off,ACT,81,320,22-Sep-88,2,Army,Steelers,Pennsylvania
76,"Vollmer, Sebastian",off,PUP,80,320,10-Jul-84,8,Houston,Patriots,Massachusetts
68,"Waddle, LaAdrian",off,ACT,78,315,21-Jul-91,4,Texas Tech,Patriots,Massachusetts
31,"Wade, Trevin",dback,ACT,70,190,1-Aug-89,5,Arizona,Giants,New York
54,"Wagner, Bobby",lineb,ACT,72,245,27-Jun-90,5,Utah State,Seahawks,Washington
71,"Wagner, Ricky",off,ACT,78,310,21-Oct-89,4,Wisconsin,Ravens,Maryland
93,"Walden, Erik",lineb,ACT,74,250,21-Aug-85,9,Middle Tennessee State,Colts,Indiana
52,"Wallace, Aaron",lineb,ACT,74,242,8-Jul-93,0,UCLA,Titans,Tennessee 
72,"Wallace, Cody",off,RES,76,296,26-Nov-84,7,Texas A&M,Steelers,Pennsylvania
25,"Ward, Jimmie",dback,RES,71,193,18-Jul-91,3,Northern Illinois,49ers,California
43,"Ward, T.J.",dback,ACT,70,200,12-Dec-86,7,Oregon,Broncos,Colorado
94,"Ware, DeMarcus",lineb,RES,76,258,31-Jul-82,12,Troy,Broncos,Colorado
75,"Warford, Larry",off,ACT,75,317,18-Jun-91,4,Kentucky,Lions,Michigan
70,"Warmack, Chance",off,RES,74,323,14-Sep-91,4,Alabama,Titans,Tennessee 
49,"Washington, Tony",lineb,RES,76,247,1-Jun-92,1,Oregon,Texans,Texas
57,"Watson, Dekoda",lineb,ACT,74,245,3-Mar-88,7,Florida State,Broncos,Colorado
71,"Watson, Menelik",off,ACT,77,315,22-Dec-88,4,Florida State,Raiders,Nevada
26,"Waynes, Trae",dback,ACT,72,190,25-Jul-92,2,Michigan State,Vikings,Minnesota
56,"Weatherspoon, Sean",lineb,RES,74,244,29-Dec-87,6,Missouri,Falcons,Georgia
28,"Webb, B.W.",dback,ACT,71,190,3-May-90,4,William & Mary,Saints,Lousiana
21,"Webb, Lardarius",dback,ACT,70,182,12-Oct-85,8,Nicholls State,Ravens,Maryland
36,"Webster, Kayvon",dback,RES,71,198,1-Feb-91,4,South Florida,Broncos,Colorado
32,"Weddle, Eric",dback,ACT,71,195,4-Jan-85,10,Utah,Ravens,Maryland
40,"Wells, Ian",dback,RES,71,199,14-Jul-93,0,Ohio U.,Lions,Michigan
72,"Wells, Josh",off,ACT,78,310,14-Feb-91,3,James Madison,Jaguars,Florida
62,"Wendell, Ryan",off,ACT,74,300,4-Mar-86,8,Fresno State,Panthers,North Carolina
77,"Wesley, De'Ondre",off,RES,78,326,28-Jul-92,2,Brigham Young,Ravens,Maryland
41,"Wheeler, Philip",lineb,ACT,74,245,12-Dec-84,9,Georgia Tech,Falcons,Georgia
30,"White, Corey",dback,ACT,73,210,9-May-90,5,Samford,Bills,New York
24,"White, D.J.",dback,ACT,71,193,9-Sep-93,0,Georgia Tech,Chiefs,Missouri
65,"Whitehair, Cody",off,ACT,76,310,11-Jul-92,0,Kansas State,Bears,Illinois
59,"Whitehead, Tahir",lineb,ACT,74,241,2-Apr-90,5,Temple,Lions,Michigan
39,"Whitner, Donte",dback,RES,70,208,24-Jul-85,11,Ohio State,Redskins,DC
77,"Whitworth, Andrew",off,ACT,79,330,12-Dec-81,11,LSU,Bengals,Ohio
51,"Wilber, Kyle",lineb,ACT,76,245,26-Apr-89,5,Wake Forest,Cowboys,Texas
27,"Wilcox, J.J.",dback,ACT,72,212,14-Feb-91,4,Georgia Southern,Cowboys,Texas
57,"Wilhoite, Michael",lineb,ACT,72,240,7-Dec-86,5,Washburn,49ers,California
23,"Williams, Aaron",dback,RES,72,199,23-Apr-90,6,Texas,Bills,New York
52,"Williams, Antwione",lineb,ACT,75,240,26-May-93,0,Georgia Southern,Lions,Michigan
26,"Williams, Brandon",dback,ACT,71,200,9-Sep-92,0,Texas A&M,Cardinals,Arizona
26,"Williams, Brandon",dback,ACT,71,200,9-Sep-92,0,Texas A&M,Eagles,Pennsylvania
63,"Williams, Darrell",off,RES,76,301,31-Aug-93,2,South Florida,Rams,California
31,"Williams, Duke",dback,ACT,71,201,15-Oct-90,4,Nevada,Colts,Indiana
20,"Williams, Marcus",dback,ACT,71,196,24-Mar-91,3,North Dakota State,Jets,New York
25,"Williams, P.J.",dback,RES,72,196,1-Jun-93,2,Florida State,Saints,Lousiana
36,"Williams, Shawn",dback,ACT,72,210,13-May-91,4,Georgia,Bengals,Ohio
21,"Williams, Teddy",dback,RES,73,210,3-Jul-88,5,Texas-San Antonio,Panthers,North Carolina
58,"Williams, Tourek",lineb,ACT,76,262,9-May-91,4,Florida International,Chargers,California
22,"Williams, Tramon",dback,ACT,72,192,16-Mar-83,10,Louisiana Tech,Browns,Ohio
71,"Williams, Trent",off,ACT,77,320,19-Jul-88,7,Oklahoma,Redskins,DC
42,"Williams, Trevor",dback,ACT,71,191,15-Sep-93,0,Penn State,Chargers,California
98,"Williams, Vince",lineb,ACT,73,233,27-Dec-89,4,Florida State,Steelers,Pennsylvania
36,"Williamson, Andrew",dback,RES,73,212,18-Nov-92,0,Vanderbilt,Colts,Indiana
54,"Williamson, Avery",lineb,ACT,73,246,9-Mar-92,3,Kentucky,Titans,Tennessee 
57,"Wilson, Damien",lineb,ACT,73,243,28-May-93,2,Minnesota,Cowboys,Texas
47,"Wilson, Jarrod",dback,ACT,73,209,9-Feb-94,0,Michigan,Jaguars,Florida
24,"Wilson, Kyle",dback,RES,70,190,8-Sep-87,7,Boise State,Saints,Lousiana
53,"Wilson, Ramik",lineb,ACT,74,237,19-Aug-92,2,Georgia,Chiefs,Missouri
32,"Wilson, Tavon",dback,ACT,72,212,19-Mar-90,5,Illinois,Lions,Michigan
73,"Winston, Eric",off,ACT,79,310,17-Nov-83,10,Miami (Fla.),Bengals,Ohio
67,"Winters, Brian",off,RES,76,320,10-Jul-91,4,Kent State,Jets,New York
70,"Wood, Eric",off,RES,76,310,18-Mar-86,8,Louisville,Bills,New York
59,"Woodyard, Wesley",lineb,ACT,72,233,21-Jul-86,9,Kentucky,Titans,Tennessee 
26,"Worley, Daryl",dback,ACT,73,205,22-Feb-95,0,West Virginia,Panthers,North Carolina
55,"Worrilow, Paul",lineb,ACT,72,230,1-May-90,4,Delaware,Falcons,Georgia
38,"Wreh-Wilson, Blidi",dback,ACT,73,198,5-Dec-89,4,Connecticut,Falcons,Georgia
50,"Wright, K.J.",lineb,ACT,76,246,23-Jul-89,6,Mississippi State,Seahawks,Washington
58,"Wright, Scooby",lineb,ACT,72,240,29-Aug-94,0,Arizona,Cardinals,Arizona
58,"Wright, Scooby",lineb,ACT,72,240,29-Aug-94,0,Arizona,Eagles,Pennsylvania
24,"Wright, Shareece",dback,ACT,71,184,8-Apr-87,6,USC,Ravens,Maryland
73,"Yanda, Marshal",off,ACT,75,305,15-Sep-84,10,Iowa,Ravens,Maryland
25,"Young, Lou",dback,ACT,72,205,9-Oct-91,1,Georgia Tech,Panthers,North Carolina
79,"Young, Sam",off,ACT,80,320,24-Jun-87,7,Notre Dame,Dolphins,Florida
36,"Young, Tavon",dback,ACT,69,177,14-Mar-94,0,Temple,Ravens,Maryland
97,"Young, Willie",lineb,ACT,76,258,19-Sep-85,7,North Carolina State,Bears,Illinois
68,"Zeitler, Kevin",off,ACT,76,320,8-Mar-90,5,Wisconsin,Bengals,Ohio
51,"Zombo, Frank",lineb,ACT,75,254,5-Mar-87,7,Central Michigan,Chiefs,Missouri
53,"Zuttah, Jeremy",off,ACT,76,300,1-Jun-86,9,Rutgers,Ravens,Maryland
